cart_id,user_id,product_id,quantity,cart_total,cart_discounted_total,cart_total_products,cart_total_quantity,title,category,price,discountPercentage,rating,stock,brand,age,gender,item_value,discount_amount,discounted_item_value
1,1,162,4,13037.88,11510.81,4,12,Blue Frock,tops,29.99,12.13,4.17,52,Unknown,29,female,119.96,14.551148,105.408852
1,1,113,3,13037.88,11510.81,4,12,Generic Motorcycle,motorcycle,3999.99,12.1,4.91,34,Generic Motors,29,female,11999.97,1451.9963699999998,10547.97363
1,1,122,3,13037.88,11510.81,4,12,iPhone 6,smartphones,299.99,6.69,3.41,60,Apple,29,female,899.97,60.20799300000001,839.762007
1,1,138,2,13037.88,11510.81,4,12,Baseball Ball,sports-accessories,8.99,1.71,2.57,100,Unknown,29,female,17.98,0.307458,17.672542
2,2,86,5,139.93,125.7,2,7,Man Short Sleeve Shirt,mens-shirts,19.99,6.83,2.9,2,Casual Comfort,36,male,99.95,6.826584999999999,93.123415
2,2,104,2,139.93,125.7,2,7,Apple iPhone Charger,mobile-accessories,19.99,18.52,4.15,31,Apple,36,male,39.98,7.404295999999999,32.575703999999995
3,3,24,1,1794.85,1625.77,6,15,Fish Steak,groceries,14.99,4.23,3.78,74,Unknown,43,female,14.99,0.634077,14.355923
3,3,123,1,1794.85,1625.77,6,15,iPhone 13 Pro,smartphones,1099.99,9.37,4.12,56,Apple,43,female,1099.99,103.069063,996.920937
3,3,129,1,1794.85,1625.77,6,15,Realme X,smartphones,299.99,6.95,3.7,12,Realme,43,female,299.99,20.849305,279.140695
3,3,86,5,1794.85,1625.77,6,15,Man Short Sleeve Shirt,mens-shirts,19.99,6.83,2.9,2,Casual Comfort,43,female,99.95,6.826584999999999,93.123415
3,3,8,2,1794.85,1625.77,6,15,Dior J'adore,fragrances,89.99,14.72,3.8,98,Dior,43,female,179.98,26.493056000000003,153.486944
3,3,157,5,1794.85,1625.77,6,15,Party Glasses,sunglasses,19.99,11.22,2.79,86,Fashion Fun,43,female,99.95,11.214389999999998,88.73561
4,4,92,3,689.93,636.81,2,7,Sports Sneakers Off White Red,mens-shoes,109.99,0.04,4.69,62,Off White,46,male,329.97,0.131988,329.838012
4,4,8,4,689.93,636.81,2,7,Dior J'adore,fragrances,89.99,14.72,3.8,98,Dior,46,male,359.96,52.986112000000006,306.973888
5,5,161,4,1467.88,1205.8,3,12,Samsung Galaxy Tab White,tablets,349.99,18.2,3.72,92,Samsung,31,female,1399.96,254.79272,1145.16728
5,5,39,4,1467.88,1205.8,3,12,Soft Drinks,groceries,1.99,17.48,4.75,53,Unknown,31,female,7.96,1.3914080000000002,6.568592
5,5,3,4,1467.88,1205.8,3,12,Powder Canister,beauty,14.99,9.84,4.64,89,Velvet Touch,31,female,59.96,5.900064,54.059936
6,6,192,5,55453.86,46641.06,4,14,Rolex Datejust Women,womens-watches,10999.99,15.94,2.86,4,Rolex,23,female,54999.95,8766.99203,46232.95797
6,6,130,1,55453.86,46641.06,4,14,Realme XT,smartphones,349.99,11.51,4.58,80,Realme,23,female,349.99,40.283849,309.706151
6,6,155,4,55453.86,46641.06,4,14,Classic Sun Glasses,sunglasses,24.99,4.94,3.86,1,Fashion Shades,23,female,99.96,4.938024,95.021976
6,6,42,4,55453.86,46641.06,4,14,Water,groceries,0.99,14.92,4.96,53,Unknown,23,female,3.96,0.590832,3.369168
7,7,56,1,1229.86,1103.65,6,14,Electric Stove,kitchen-accessories,49.99,14.04,4.11,21,Unknown,39,male,49.99,7.018596,42.971404
7,7,136,1,1229.86,1103.65,6,14,Vivo X21,smartphones,499.99,17.41,4.26,7,Vivo,39,male,499.99,87.048259,412.941741
7,7,9,2,1229.86,1103.65,6,14,Dolce Shine Eau de,fragrances,69.99,0.62,3.96,4,Dolce & Gabbana,39,male,139.98,0.867876,139.112124
7,7,120,4,1229.86,1103.65,6,14,Vaseline Men Body and Face Lotion,skin-care,9.99,13.39,3.16,95,Vaseline,39,male,39.96,5.350644,34.609356
7,7,56,1,1229.86,1103.65,6,14,Electric Stove,kitchen-accessories,49.99,14.04,4.11,21,Unknown,39,male,49.99,7.018596,42.971404
7,7,90,5,1229.86,1103.65,6,14,Puma Future Rider Trainers,mens-shoes,89.99,4.2,4.9,90,Puma,39,male,449.95,18.8979,431.0521
8,8,18,2,6337.83,5771.32,6,17,Cat Food,groceries,8.99,9.58,3.13,46,Unknown,28,female,17.98,1.722484,16.257516
8,8,50,3,6337.83,5771.32,6,17,Black Whisk,kitchen-accessories,9.99,10.24,3.9,73,Unknown,28,female,29.97,3.068928,26.901072
8,8,162,4,6337.83,5771.32,6,17,Blue Frock,tops,29.99,12.13,4.17,52,Unknown,28,female,119.96,14.551148,105.408852
8,8,11,3,6337.83,5771.32,6,17,Annibale Colombo Bed,furniture,1899.99,8.57,4.77,88,Annibale Colombo,28,female,5699.97,488.487429,5211.4825710000005
8,8,108,4,6337.83,5771.32,6,17,iPhone 12 Silicone Case with MagSafe Plum,mobile-accessories,29.99,13.85,3.62,69,Apple,28,female,119.96,16.614459999999998,103.34554
8,8,106,1,6337.83,5771.32,6,17,Apple Watch Series 4 Gold,mobile-accessories,349.99,12.02,2.74,33,Apple,28,female,349.99,42.068798,307.921202
9,9,1,3,29709.9,27993.46,4,10,Essence Mascara Lash Princess,beauty,9.99,10.48,2.56,99,Essence,34,male,29.97,3.140856,26.829144
9,9,98,2,29709.9,27993.46,4,10,Rolex Submariner Watch,mens-watches,13999.99,5.05,2.69,55,Rolex,34,male,27999.98,1413.99899,26585.98101
9,9,132,3,29709.9,27993.46,4,10,Samsung Galaxy S8,smartphones,499.99,19.45,4.4,0,Samsung,34,male,1499.97,291.744165,1208.225835
9,9,90,2,29709.9,27993.46,4,10,Puma Future Rider Trainers,mens-shoes,89.99,4.2,4.9,90,Puma,34,male,179.98,7.559159999999999,172.42084
10,10,41,1,152.44,131.34,2,6,Tissue Paper Box,groceries,2.49,13.28,2.69,86,Unknown,32,female,2.49,0.330672,2.1593280000000004
10,10,108,5,152.44,131.34,2,6,iPhone 12 Silicone Case with MagSafe Plum,mobile-accessories,29.99,13.85,3.62,69,Apple,32,female,149.95,20.768075,129.18192499999998
11,11,115,4,61831.75,57397.84,5,15,MotoGP CI.H1,motorcycle,14999.99,6.92,2.97,10,MotoGP,30,male,59999.96,4151.997232,55847.962768
11,11,101,2,61831.75,57397.84,5,15,Apple AirPods Max Silver,mobile-accessories,549.99,13.67,3.47,59,Apple,30,male,1099.98,150.367266,949.612734
11,11,55,4,61831.75,57397.84,5,15,Egg Slicer,kitchen-accessories,6.99,14.76,3.09,40,Unknown,30,male,27.96,4.126896,23.833104
11,11,25,3,61831.75,57397.84,5,15,Green Bell Pepper,groceries,1.29,0.16,3.25,33,Unknown,30,male,3.87,0.006192,3.863808
11,11,161,2,61831.75,57397.84,5,15,Samsung Galaxy Tab White,tablets,349.99,18.2,3.72,92,Samsung,30,male,699.98,127.39636,572.5836400000001
12,12,117,1,37767.32,35410.79,6,18,Sportbike Motorcycle,motorcycle,7499.99,11.58,3.94,0,SpeedMaster,25,female,7499.99,868.498842,6631.491158
12,12,28,5,37767.32,35410.79,6,18,Ice Cream,groceries,5.49,8.69,3.39,27,Unknown,25,female,27.450000000000003,2.385405,25.064595000000004
12,12,98,2,37767.32,35410.79,6,18,Rolex Submariner Watch,mens-watches,13999.99,5.05,2.69,55,Rolex,25,female,27999.98,1413.99899,26585.98101
12,12,8,1,37767.32,35410.79,6,18,Dior J'adore,fragrances,89.99,14.72,3.8,98,Dior,25,female,89.99,13.246528,76.743472
12,12,162,5,37767.32,35410.79,6,18,Blue Frock,tops,29.99,12.13,4.17,52,Unknown,25,female,149.95,18.188935,131.76106499999997
12,12,14,4,37767.32,35410.79,6,18,Knoll Saarinen Executive Conference Chair,furniture,499.99,2.01,4.88,26,Knoll,25,female,1999.96,40.199196,1959.760804
13,13,35,2,16.54,14.97,2,6,Potatoes,groceries,2.29,5.38,4.81,13,Unknown,41,male,4.58,0.2464039999999999,4.333596
13,13,23,4,16.54,14.97,2,6,Eggs,groceries,2.99,11.05,2.53,9,Unknown,41,male,11.96,1.3215800000000002,10.63842
14,14,44,4,209.9,184.59,3,10,Family Tree Photo Frame,home-decoration,29.99,14.87,4.53,77,Unknown,37,female,119.96,17.838051999999998,102.121948
14,14,68,1,209.9,184.59,3,10,Pan,kitchen-accessories,24.99,3.0,2.79,90,Unknown,37,female,24.99,0.7497,24.2403
14,14,65,5,209.9,184.59,3,10,Lunch Box,kitchen-accessories,12.99,10.34,4.93,94,Unknown,37,female,64.95,6.71583,58.234170000000006
15,15,61,2,249.95,214.68,3,5,Hand Blender,kitchen-accessories,34.99,17.02,3.86,84,Unknown,33,male,69.98,11.910596,58.069404000000006
15,15,105,1,249.95,214.68,3,5,Apple MagSafe Battery Pack,mobile-accessories,99.99,17.17,3.62,1,Apple,33,male,99.99,17.168283000000002,82.82171699999999
15,15,141,2,249.95,214.68,3,5,Basketball Rim,sports-accessories,39.99,7.74,4.6,43,Unknown,33,male,79.98,6.1904520000000005,73.789548
16,16,20,5,384.92,364.7,2,8,Cooking Oil,groceries,4.99,9.33,4.8,10,Unknown,26,female,24.950000000000003,2.3278350000000003,22.622165000000003
16,16,91,3,384.92,364.7,2,8,Sports Sneakers Off White & Red,mens-shoes,119.99,4.97,4.77,17,Off White,26,female,359.97,17.890508999999998,342.079491
17,17,123,5,5531.34,5014.94,4,16,iPhone 13 Pro,smartphones,1099.99,9.37,4.12,56,Apple,38,female,5499.95,515.345315,4984.604685
17,17,137,1,5531.34,5014.94,4,16,American Football,sports-accessories,19.99,4.93,4.91,53,Unknown,38,female,19.99,0.985507,19.004493
17,17,25,5,5531.34,5014.94,4,16,Green Bell Pepper,groceries,1.29,0.16,3.25,33,Unknown,38,female,6.45,0.01032,6.43968
17,17,26,5,5531.34,5014.94,4,16,Green Chili Pepper,groceries,0.99,1.0,3.66,3,Unknown,38,female,4.95,0.0495,4.9005
18,18,169,5,128999.9,124978.81,2,10,Dodge Hornet GT Plus,vehicle,24999.99,2.63,2.65,82,Dodge,32,male,124999.95,3287.4986850000005,121712.451315
18,18,193,5,128999.9,124978.81,2,10,Watch Gold for Women,womens-watches,799.99,18.34,4.24,0,Fashion Gold,32,male,3999.95,733.59083,3266.35917
19,19,22,3,22142.88,21308.13,5,12,Dog Food,groceries,10.99,10.27,4.55,71,Unknown,29,female,32.97,3.386019,29.583981
19,19,56,1,22142.88,21308.13,5,12,Electric Stove,kitchen-accessories,49.99,14.04,4.11,21,Unknown,29,female,49.99,7.018596,42.971404
19,19,97,2,22142.88,21308.13,5,12,Rolex Datejust,mens-watches,10999.99,3.73,3.66,86,Rolex,29,female,21999.98,820.599254,21179.380746
19,19,71,1,22142.88,21308.13,5,12,Silver Pot With Glass Cap,kitchen-accessories,39.99,5.7,3.22,40,Unknown,29,female,39.99,2.27943,37.71057
19,19,69,5,22142.88,21308.13,5,12,Plate,kitchen-accessories,3.99,7.31,3.65,66,Unknown,29,female,19.950000000000003,1.4583450000000002,18.491655
20,20,123,4,4711.88,4251.41,4,12,iPhone 13 Pro,smartphones,1099.99,9.37,4.12,56,Apple,35,male,4399.96,412.276252,3987.683748
20,20,36,3,4711.88,4251.41,4,12,Protein Powder,groceries,19.99,7.59,4.18,80,Unknown,35,male,59.97,4.551723,55.418277
20,20,146,2,4711.88,4251.41,4,12,Feather Shuttlecock,sports-accessories,5.99,2.95,2.85,95,Unknown,35,male,11.98,0.35341,11.62659
20,20,89,3,4711.88,4251.41,4,12,Nike Baseball Cleats,mens-shoes,79.99,18.04,3.88,12,Nike,35,male,239.97,43.29058799999999,196.679412
21,21,79,1,12939.94,10966.03,3,6,Asus Zenbook Pro Dual Screen Laptop,laptops,1799.99,11.14,3.95,45,Asus,27,female,1799.99,200.518886,1599.471114
21,21,164,4,12939.94,10966.03,3,6,Gray Dress,tops,34.99,14.28,2.72,55,Unknown,27,female,139.96,19.986288,119.973712
21,21,192,1,12939.94,10966.03,3,6,Rolex Datejust Women,womens-watches,10999.99,15.94,2.86,4,Rolex,27,female,10999.99,1753.398406,9246.591594
22,22,16,4,307.92,296.47,3,8,Apple,groceries,1.99,12.62,4.19,8,Unknown,34,male,7.96,1.004552,6.9554480000000005
22,22,92,2,307.92,296.47,3,8,Sports Sneakers Off White Red,mens-shoes,109.99,0.04,4.69,62,Off White,34,male,219.98,0.0879919999999999,219.892008
22,22,166,2,307.92,296.47,3,8,Tartan Dress,tops,39.99,12.95,4.05,73,Unknown,34,male,79.98,10.35741,69.62259
23,23,127,5,2499.91,2123.87,2,9,Oppo K1,smartphones,299.99,18.29,4.25,55,Oppo,40,female,1499.95,274.34085500000003,1225.609145
23,23,134,4,2499.91,2123.87,2,9,Vivo S1,smartphones,249.99,10.17,3.5,50,Vivo,40,female,999.96,101.695932,898.2640680000001
24,24,117,4,30299.94,26780.04,2,6,Sportbike Motorcycle,motorcycle,7499.99,11.58,3.94,0,SpeedMaster,31,male,29999.96,3473.995368,26525.964632
24,24,128,2,30299.94,26780.04,2,6,Realme C35,smartphones,149.99,15.3,4.2,48,Realme,31,male,299.98,45.89694,254.08306
25,25,32,2,1228.35,1070.83,5,15,Milk,groceries,3.49,13.74,2.61,27,Unknown,28,female,6.98,0.959052,6.020948000000001
25,25,106,3,1228.35,1070.83,5,15,Apple Watch Series 4 Gold,mobile-accessories,349.99,12.02,2.74,33,Apple,28,female,1049.97,126.206394,923.763606
25,25,35,5,1228.35,1070.83,5,15,Potatoes,groceries,2.29,5.38,4.81,13,Unknown,28,female,11.45,0.61601,10.83399
25,25,110,4,1228.35,1070.83,5,15,Selfie Lamp with iPhone,mobile-accessories,14.99,19.4,3.55,58,GadgetMaster,28,female,59.96,11.63224,48.32776
25,25,103,1,1228.35,1070.83,5,15,Apple HomePod Mini Cosmic Grey,mobile-accessories,99.99,18.1,4.62,27,Apple,28,female,99.99,18.09819,81.89180999999999
26,26,122,3,1111.84,1021.64,4,16,iPhone 6,smartphones,299.99,6.69,3.41,60,Apple,36,female,899.97,60.20799300000001,839.762007
26,26,63,4,1111.84,1021.64,4,16,Kitchen Sieve,kitchen-accessories,7.99,18.91,3.09,68,Unknown,36,female,31.96,6.043636,25.916364
26,26,108,4,1111.84,1021.64,4,16,iPhone 12 Silicone Case with MagSafe Plum,mobile-accessories,29.99,13.85,3.62,69,Apple,36,female,119.96,16.614459999999998,103.34554
26,26,153,5,1111.84,1021.64,4,16,Volleyball,sports-accessories,11.99,12.25,3.84,0,Unknown,36,female,59.95,7.343875000000001,52.606125000000006
27,27,192,4,111014.85,100496.36,4,15,Rolex Datejust Women,womens-watches,10999.99,15.94,2.86,4,Rolex,42,male,43999.96,7013.593624,36986.366376
27,27,97,5,111014.85,100496.36,4,15,Rolex Datejust,mens-watches,10999.99,3.73,3.66,86,Rolex,42,male,54999.95,2051.498135,52948.451865
27,27,20,3,111014.85,100496.36,4,15,Cooking Oil,groceries,4.99,9.33,4.8,10,Unknown,42,male,14.97,1.3967010000000002,13.573299
27,27,113,3,111014.85,100496.36,4,15,Generic Motorcycle,motorcycle,3999.99,12.1,4.91,34,Generic Motors,42,male,11999.97,1451.9963699999998,10547.97363
28,28,182,5,5944.77,5531.37,6,23,Green Crystal Earring,womens-jewellery,29.99,15.24,3.96,54,Unknown,30,female,149.95,22.85238,127.09762
28,28,64,2,5944.77,5531.37,6,23,Knife,kitchen-accessories,14.99,18.86,3.26,7,Unknown,30,female,29.98,5.654228,24.325772
28,28,46,3,5944.77,5531.37,6,23,Plant Pot,home-decoration,14.99,6.84,3.01,59,Unknown,30,female,44.97,3.0759479999999995,41.894052
28,28,185,5,5944.77,5531.37,6,23,Black & Brown Slipper,womens-shoes,19.99,3.33,2.53,3,Comfort Trends,30,female,99.95,3.328335,96.621665
28,28,175,3,5944.77,5531.37,6,23,White Faux Leather Backpack,womens-bags,39.99,15.2,3.36,39,Urban Chic,30,female,119.97,18.23544,101.73456
28,28,81,5,5944.77,5531.37,6,23,Lenovo Yoga 920,laptops,1099.99,6.55,2.86,40,Lenovo,30,female,5499.95,360.246725,5139.703275
29,29,174,3,2359.84,2077.88,4,16,Prada Women Bag,womens-bags,599.99,14.09,2.71,75,Prada,39,male,1799.97,253.615773,1546.354227
29,29,102,5,2359.84,2077.88,4,16,Apple Airpower Wireless Charger,mobile-accessories,79.99,4.48,3.68,1,Apple,39,male,399.95,17.91776,382.03224
29,29,48,5,2359.84,2077.88,4,16,Bamboo Spatula,kitchen-accessories,7.99,2.84,3.27,37,Unknown,39,male,39.95,1.13458,38.81542
29,29,141,3,2359.84,2077.88,4,16,Basketball Rim,sports-accessories,39.99,7.74,4.6,43,Unknown,39,male,119.97,9.285678,110.684322
30,30,143,1,186110.85,155507.16,6,15,Cricket Bat,sports-accessories,29.99,3.29,3.17,98,Unknown,33,female,29.99,0.986671,29.003329
30,30,135,2,186110.85,155507.16,6,15,Vivo V9,smartphones,299.99,17.67,3.6,82,Vivo,33,female,599.98,106.01646600000002,493.963534
30,30,126,1,186110.85,155507.16,6,15,Oppo F19 Pro Plus,smartphones,399.99,18.64,3.51,78,Oppo,33,female,399.99,74.558136,325.431864
30,30,77,1,186110.85,155507.16,6,15,Yellow Peeler,kitchen-accessories,5.99,12.48,4.24,35,Unknown,33,female,5.99,0.747552,5.242448
30,30,3,5,186110.85,155507.16,6,15,Powder Canister,beauty,14.99,9.84,4.64,89,Velvet Touch,33,female,74.95,7.37508,67.57492
30,30,170,5,186110.85,155507.16,6,15,Durango SXT RWD,vehicle,36999.99,16.44,4.07,95,Dodge,33,female,184999.95,30413.99178,154585.95821999997
31,31,2,2,1268.88,1111.0,5,12,Eyeshadow Palette with Mirror,beauty,19.99,18.19,2.86,34,Glamour Beauty,37,male,39.98,7.272361999999999,32.707638
31,31,16,1,1268.88,1111.0,5,12,Apple,groceries,1.99,12.62,4.19,8,Unknown,37,male,1.99,0.251138,1.738862
31,31,54,3,1268.88,1111.0,5,12,Citrus Squeezer Yellow,kitchen-accessories,8.99,12.1,4.63,22,Unknown,37,male,26.97,3.26337,23.70663
31,31,187,3,1268.88,1111.0,5,12,Golden Shoes Woman,womens-shoes,49.99,13.93,3.26,88,Fashion Diva,37,male,149.97,20.890821000000003,129.079179
31,31,106,3,1268.88,1111.0,5,12,Apple Watch Series 4 Gold,mobile-accessories,349.99,12.02,2.74,33,Apple,37,male,1049.97,126.206394,923.763606
32,32,21,5,187.44,153.2,2,6,Cucumber,groceries,1.49,0.16,4.07,84,Unknown,29,female,7.45,0.01192,7.43808
32,32,181,1,187.44,153.2,2,6,Marni Red & Black Suit,womens-dresses,179.99,19.02,4.48,62,Unknown,29,female,179.99,34.234098,145.75590200000002
33,33,175,1,129057.77,125461.58,6,23,White Faux Leather Backpack,womens-bags,39.99,15.2,3.36,39,Urban Chic,32,male,39.99,6.07848,33.91152
33,33,127,4,129057.77,125461.58,6,23,Oppo K1,smartphones,299.99,18.29,4.25,55,Oppo,32,male,1199.96,219.472684,980.487316
33,33,38,3,129057.77,125461.58,6,23,Rice,groceries,5.99,9.29,3.18,59,Unknown,32,male,17.97,1.6694129999999998,16.300587
33,33,14,5,129057.77,125461.58,6,23,Knoll Saarinen Executive Conference Chair,furniture,499.99,2.01,4.88,26,Knoll,32,male,2499.95,50.248995,2449.701005
33,33,43,5,129057.77,125461.58,6,23,Decoration Swing,home-decoration,59.99,10.41,3.16,47,Unknown,32,male,299.95,31.224795,268.725205
33,33,169,5,129057.77,125461.58,6,23,Dodge Hornet GT Plus,vehicle,24999.99,2.63,2.65,82,Dodge,32,male,124999.95,3287.4986850000005,121712.451315
34,34,136,2,1479.92,1240.78,3,8,Vivo X21,smartphones,499.99,17.41,4.26,7,Vivo,26,female,999.98,174.096518,825.883482
34,34,100,3,1479.92,1240.78,3,8,Apple Airpods,mobile-accessories,129.99,15.54,4.15,67,Apple,26,female,389.97,60.601338000000005,329.36866200000003
34,34,154,3,1479.92,1240.78,3,8,Black Sun Glasses,sunglasses,29.99,4.94,4.41,60,Fashion Shades,26,female,89.97,4.444518,85.525482
35,35,69,2,618.86,507.21,6,14,Plate,kitchen-accessories,3.99,7.31,3.65,66,Unknown,30,male,7.98,0.5833379999999999,7.396662000000001
35,35,54,1,618.86,507.21,6,14,Citrus Squeezer Yellow,kitchen-accessories,8.99,12.1,4.63,22,Unknown,30,male,8.99,1.08779,7.90221
35,35,181,3,618.86,507.21,6,14,Marni Red & Black Suit,womens-dresses,179.99,19.02,4.48,62,Unknown,30,male,539.97,102.702294,437.267706
35,35,55,4,618.86,507.21,6,14,Egg Slicer,kitchen-accessories,6.99,14.76,3.09,40,Unknown,30,male,27.96,4.126896,23.833104
35,35,38,3,618.86,507.21,6,14,Rice,groceries,5.99,9.29,3.18,59,Unknown,30,male,17.97,1.6694129999999998,16.300587
35,35,67,1,618.86,507.21,6,14,Mug Tree Stand,kitchen-accessories,15.99,9.25,2.64,88,Unknown,30,male,15.99,1.479075,14.510925
36,36,3,3,98.91,89.37,3,9,Powder Canister,beauty,14.99,9.84,4.64,89,Velvet Touch,34,female,44.97,4.425048,40.544952
36,36,138,2,98.91,89.37,3,9,Baseball Ball,sports-accessories,8.99,1.71,2.57,100,Unknown,34,female,17.98,0.307458,17.672542
36,36,72,4,98.91,89.37,3,9,Slotted Turner,kitchen-accessories,8.99,13.35,3.4,88,Unknown,34,female,35.96,4.80066,31.15934
37,37,141,3,129.93,119.32,2,7,Basketball Rim,sports-accessories,39.99,7.74,4.6,43,Unknown,35,male,119.97,9.285678,110.684322
37,37,41,4,129.93,119.32,2,7,Tissue Paper Box,groceries,2.49,13.28,2.69,86,Unknown,35,male,9.96,1.322688,8.637312000000001
38,38,110,2,409.95,334.61,3,5,Selfie Lamp with iPhone,mobile-accessories,14.99,19.4,3.55,58,GadgetMaster,27,female,29.98,5.81612,24.16388
38,38,161,1,409.95,334.61,3,5,Samsung Galaxy Tab White,tablets,349.99,18.2,3.72,92,Samsung,27,female,349.99,63.69818,286.29182000000003
38,38,110,2,409.95,334.61,3,5,Selfie Lamp with iPhone,mobile-accessories,14.99,19.4,3.55,58,GadgetMaster,27,female,29.98,5.81612,24.16388
39,39,148,2,279.96,249.24,2,4,Golf Ball,sports-accessories,9.99,17.37,4.3,84,Unknown,31,male,19.98,3.4705260000000004,16.509474
39,39,177,2,279.96,249.24,2,4,Black Women's Gown,womens-dresses,129.99,10.48,3.64,25,Unknown,31,male,259.98,27.245904000000007,232.734096
40,40,154,3,263.9,253.64,3,10,Black Sun Glasses,sunglasses,29.99,4.94,4.41,60,Fashion Shades,28,female,89.97,4.444518,85.525482
40,40,77,4,263.9,253.64,3,10,Yellow Peeler,kitchen-accessories,5.99,12.48,4.24,35,Unknown,28,female,23.96,2.990208,20.969792
40,40,6,3,263.9,253.64,3,10,Calvin Klein CK One,fragrances,49.99,1.89,4.37,29,Calvin Klein,28,female,149.97,2.834433,147.135567
41,41,38,5,49649.82,46340.09,5,18,Rice,groceries,5.99,9.29,3.18,59,Unknown,33,male,29.950000000000003,2.782355,27.167645000000004
41,41,97,2,49649.82,46340.09,5,18,Rolex Datejust,mens-watches,10999.99,3.73,3.66,86,Rolex,33,male,21999.98,820.599254,21179.380746
41,41,139,4,49649.82,46340.09,5,18,Baseball Glove,sports-accessories,24.99,2.9,3.96,22,Unknown,33,male,99.96,2.8988399999999994,97.06116
41,41,7,4,49649.82,46340.09,5,18,Chanel Coco Noir Eau De,fragrances,129.99,16.51,4.26,58,Chanel,33,male,519.96,85.84539600000002,434.114604
41,41,95,3,49649.82,46340.09,5,18,Rolex Cellini Date Black Dial,mens-watches,8999.99,8.88,4.97,40,Rolex,33,male,26999.97,2397.5973360000003,24602.372664
42,42,148,5,626.84,531.17,5,16,Golf Ball,sports-accessories,9.99,17.37,4.3,84,Unknown,29,female,49.95,8.676315,41.273685
42,42,17,4,626.84,531.17,5,16,Beef Steak,groceries,12.99,9.61,4.47,86,Unknown,29,female,51.96,4.993356,46.966644
42,42,179,2,626.84,531.17,5,16,Corset With Black Skirt,womens-dresses,79.99,15.06,4.52,33,Unknown,29,female,159.98,24.092988,135.887012
42,42,164,3,626.84,531.17,5,16,Gray Dress,tops,34.99,14.28,2.72,55,Unknown,29,female,104.97,14.989715999999998,89.980284
42,42,7,2,626.84,531.17,5,16,Chanel Coco Noir Eau De,fragrances,129.99,16.51,4.26,58,Chanel,29,female,259.98,42.92269800000001,217.057302
43,43,88,5,1689.88,1521.19,4,12,Nike Air Jordan 1 Red And Black,mens-shoes,149.99,4.12,4.77,7,Nike,35,male,749.95,30.89794,719.0520600000001
43,43,13,2,1689.88,1521.19,4,12,Bedside Table African Cherry,furniture,299.99,19.09,2.87,64,Furniture Co.,35,male,599.98,114.536182,485.443818
43,43,90,3,1689.88,1521.19,4,12,Puma Future Rider Trainers,mens-shoes,89.99,4.2,4.9,90,Puma,35,male,269.97,11.33874,258.63126
43,43,61,2,1689.88,1521.19,4,12,Hand Blender,kitchen-accessories,34.99,17.02,3.86,84,Unknown,35,male,69.98,11.910596,58.069404000000006
44,44,74,4,47055.84,43550.16,6,16,Spoon,kitchen-accessories,4.99,1.53,4.03,59,Unknown,27,female,19.96,0.305388,19.654612
44,44,115,3,47055.84,43550.16,6,16,MotoGP CI.H1,motorcycle,14999.99,6.92,2.97,10,MotoGP,27,female,44999.97,3113.997924,41885.972076
44,44,142,1,47055.84,43550.16,6,16,Cricket Ball,sports-accessories,12.99,8.63,3.53,30,Unknown,27,female,12.99,1.1210370000000005,11.868963
44,44,40,3,47055.84,43550.16,6,16,Strawberry,groceries,3.99,1.12,3.08,46,Unknown,27,female,11.97,0.134064,11.835936
44,44,132,4,47055.84,43550.16,6,16,Samsung Galaxy S8,smartphones,499.99,19.45,4.4,0,Samsung,27,female,1999.96,388.99222,1610.96778
44,44,22,1,47055.84,43550.16,6,16,Dog Food,groceries,10.99,10.27,4.55,71,Unknown,27,female,10.99,1.128673,9.861327
45,45,168,4,132262.29,121385.95,6,21,Charger SXT RWD,vehicle,32999.99,8.23,2.58,57,Dodge,31,male,131999.96,10863.596708,121136.363292
45,45,29,3,132262.29,121385.95,6,21,Juice,groceries,3.99,12.06,3.94,50,Unknown,31,male,11.97,1.443582,10.526418
45,45,30,3,132262.29,121385.95,6,21,Kiwi,groceries,2.49,15.22,4.93,99,Unknown,31,male,7.470000000000001,1.136934,6.3330660000000005
45,45,156,4,132262.29,121385.95,6,21,Green and Black Glasses,sunglasses,34.99,1.01,4.55,24,Fashion Shades,31,male,139.96,1.413596,138.546404
45,45,72,2,132262.29,121385.95,6,21,Slotted Turner,kitchen-accessories,8.99,13.35,3.4,88,Unknown,31,male,17.98,2.40033,15.57967
45,45,75,5,132262.29,121385.95,6,21,Tray,kitchen-accessories,16.99,7.48,4.62,71,Unknown,31,male,84.94999999999999,6.354259999999999,78.59573999999999
46,46,21,5,67607.33,56101.67,4,17,Cucumber,groceries,1.49,0.16,4.07,84,Unknown,30,female,7.45,0.01192,7.43808
46,46,121,3,67607.33,56101.67,4,17,iPhone 5s,smartphones,199.99,12.91,2.83,25,Apple,30,female,599.97,77.45612700000001,522.513873
46,46,96,5,67607.33,56101.67,4,17,Rolex Cellini Moonphase,mens-watches,12999.99,17.52,2.58,36,Rolex,30,female,64999.95,11387.991239999998,53611.95876
46,46,14,4,67607.33,56101.67,4,17,Knoll Saarinen Executive Conference Chair,furniture,499.99,2.01,4.88,26,Knoll,30,female,1999.96,40.199196,1959.760804
47,47,6,3,50539.87,49199.91,5,13,Calvin Klein CK One,fragrances,49.99,1.89,4.37,29,Calvin Klein,36,male,149.97,2.834433,147.135567
47,47,164,4,50539.87,49199.91,5,13,Gray Dress,tops,34.99,14.28,2.72,55,Unknown,36,male,139.96,19.986288,119.973712
47,47,169,2,50539.87,49199.91,5,13,Dodge Hornet GT Plus,vehicle,24999.99,2.63,2.65,82,Dodge,36,male,49999.98,1314.999474,48684.98052600001
47,47,92,2,50539.87,49199.91,5,13,Sports Sneakers Off White Red,mens-shoes,109.99,0.04,4.69,62,Off White,36,male,219.98,0.0879919999999999,219.892008
47,47,46,2,50539.87,49199.91,5,13,Plant Pot,home-decoration,14.99,6.84,3.01,59,Unknown,36,male,29.98,2.050632,27.929368
48,48,140,5,110.91,101.89,2,9,Basketball,sports-accessories,14.99,7.44,4.66,75,Unknown,28,female,74.95,5.576280000000001,69.37372
48,48,18,4,110.91,101.89,2,9,Cat Food,groceries,8.99,9.58,3.13,46,Unknown,28,female,35.96,3.4449680000000003,32.515032
49,49,184,5,4208.81,3843.75,5,19,Tropical Earring,womens-jewellery,19.99,0.76,4.4,1,Unknown,32,male,99.95,0.7596199999999999,99.19038
49,49,142,5,4208.81,3843.75,5,19,Cricket Ball,sports-accessories,12.99,8.63,3.53,30,Unknown,32,male,64.95,5.605185000000001,59.344815
49,49,15,5,4208.81,3843.75,5,19,Wooden Bathroom Sink With Mirror,furniture,799.99,8.8,3.59,7,Bath Trends,32,male,3999.95,351.9956,3647.9544
49,49,18,2,4208.81,3843.75,5,19,Cat Food,groceries,8.99,9.58,3.13,46,Unknown,32,male,17.98,1.722484,16.257516
49,49,111,2,4208.81,3843.75,5,19,Selfie Stick Monopod,mobile-accessories,12.99,19.12,3.88,11,SnapTech,32,male,25.98,4.967376000000001,21.012624
50,50,60,5,13144.93,10852.12,3,7,Grater Black,kitchen-accessories,10.99,3.56,3.21,84,Unknown,34,female,54.95,1.95622,52.99378
50,50,96,1,13144.93,10852.12,3,7,Rolex Cellini Moonphase,mens-watches,12999.99,17.52,2.58,36,Rolex,34,female,12999.99,2277.598248,10722.391752
50,50,8,1,13144.93,10852.12,3,7,Dior J'adore,fragrances,89.99,14.72,3.8,98,Dior,34,female,89.99,13.246528,76.743472
51,51,133,5,36519.9,32961.03,5,10,Samsung Galaxy S10,smartphones,699.99,5.59,3.06,19,Samsung,30,male,3499.95,195.647205,3304.302795
51,51,73,1,36519.9,32961.03,5,10,Spice Rack,kitchen-accessories,19.99,12.09,4.87,79,Unknown,30,male,19.99,2.416791,17.573209
51,51,96,1,36519.9,32961.03,5,10,Rolex Cellini Moonphase,mens-watches,12999.99,17.52,2.58,36,Rolex,30,male,12999.99,2277.598248,10722.391752
51,51,98,1,36519.9,32961.03,5,10,Rolex Submariner Watch,mens-watches,13999.99,5.05,2.69,55,Rolex,30,male,13999.99,706.999495,13292.990505
51,51,116,2,36519.9,32961.03,5,10,Scooter Motorcycle,motorcycle,2999.99,6.27,2.53,84,ScootMaster,30,male,5999.98,376.198746,5623.781254
52,52,169,5,134382.82,130175.28,6,18,Dodge Hornet GT Plus,vehicle,24999.99,2.63,2.65,82,Dodge,27,female,124999.95,3287.4986850000005,121712.451315
52,52,194,2,134382.82,130175.28,6,18,Women's Wrist Watch,womens-watches,129.99,12.6,3.52,12,Fashion Co.,27,female,259.98,32.75748,227.22252000000003
52,52,4,1,134382.82,130175.28,6,18,Red Lipstick,beauty,12.99,12.16,4.36,91,Chic Cosmetics,27,female,12.99,1.579584,11.410416
52,52,114,1,134382.82,130175.28,6,18,Kawasaki Z800,motorcycle,8999.99,9.77,3.98,52,Kawasaki,27,female,8999.99,879.2990229999999,8120.690977
52,52,77,5,134382.82,130175.28,6,18,Yellow Peeler,kitchen-accessories,5.99,12.48,4.24,35,Unknown,27,female,29.950000000000003,3.7377600000000006,26.21224
52,52,185,4,134382.82,130175.28,6,18,Black & Brown Slipper,womens-shoes,19.99,3.33,2.53,3,Comfort Trends,27,female,79.96,2.662668,77.297332
53,53,159,2,1079.94,1028.19,2,6,iPad Mini 2021 Starlight,tablets,499.99,3.64,3.18,47,Apple,36,male,999.98,36.399272,963.580728
53,53,163,4,1079.94,1028.19,2,6,Girl Summer Dress,tops,19.99,19.2,4.77,43,Unknown,36,male,79.96,15.352319999999995,64.60768
54,54,12,2,10999.95,9998.55,2,5,Annibale Colombo Sofa,furniture,2499.99,14.4,3.92,60,Annibale Colombo,29,female,4999.98,719.99712,4279.98288
54,54,78,3,10999.95,9998.55,2,5,Apple MacBook Pro 14 Inch Space Grey,laptops,1999.99,4.69,3.65,24,Apple,29,female,5999.97,281.39859300000006,5718.571407
55,55,49,3,42.96,39.92,2,4,Black Aluminium Cup,kitchen-accessories,5.99,15.65,4.46,75,Unknown,32,male,17.97,2.8123050000000003,15.157695
55,55,84,1,42.96,39.92,2,4,Gigabyte Aorus Men Tshirt,mens-shirts,24.99,0.94,3.18,90,Gigabyte,32,male,24.99,0.2349059999999999,24.755094
56,56,60,2,121.97,109.12,2,3,Grater Black,kitchen-accessories,10.99,3.56,3.21,84,Unknown,31,female,21.98,0.7824880000000001,21.197512
56,56,99,1,121.97,109.12,2,3,Amazon Echo Plus,mobile-accessories,99.99,12.07,4.99,61,Amazon,31,female,99.99,12.068793,87.921207
57,57,88,5,1269.91,1158.21,2,9,Nike Air Jordan 1 Red And Black,mens-shoes,149.99,4.12,4.77,7,Nike,35,male,749.95,30.89794,719.0520600000001
57,57,100,4,1269.91,1158.21,2,9,Apple Airpods,mobile-accessories,129.99,15.54,4.15,67,Apple,35,male,519.96,80.801784,439.158216
58,58,174,2,1212.97,1042.77,2,3,Prada Women Bag,womens-bags,599.99,14.09,2.71,75,Prada,28,female,1199.98,169.077182,1030.902818
58,58,142,1,1212.97,1042.77,2,3,Cricket Ball,sports-accessories,12.99,8.63,3.53,30,Unknown,28,female,12.99,1.1210370000000005,11.868963
59,59,170,2,74029.97,61859.29,2,3,Durango SXT RWD,vehicle,36999.99,16.44,4.07,95,Dodge,34,male,73999.98,12165.596712,61834.383288
59,59,145,1,74029.97,61859.29,2,3,Cricket Wicket,sports-accessories,29.99,16.93,4.73,25,Unknown,34,male,29.99,5.077306999999999,24.912693
60,60,82,5,7649.92,6748.39,2,8,New DELL XPS 13 9300 Laptop,laptops,1499.99,11.89,2.67,74,Dell,33,female,7499.95,891.7440550000001,6608.205945
60,60,149,3,7649.92,6748.39,2,8,Iron Golf,sports-accessories,49.99,6.53,4.41,90,Unknown,33,female,149.97,9.793041,140.176959
61,61,66,4,642.86,571.58,5,14,Microwave Oven,kitchen-accessories,89.99,12.13,4.82,59,Unknown,29,male,359.96,43.663148,316.296852
61,61,119,4,642.86,571.58,5,14,Olay Ultra Moisture Shea Butter Body Wash,skin-care,12.99,16.39,4.51,34,Olay,29,male,51.96,8.516244,43.443756
61,61,107,3,642.86,571.58,5,14,Beats Flex Wireless Earphones,mobile-accessories,49.99,5.73,4.24,50,Beats,29,male,149.97,8.593281000000001,141.376719
61,61,166,2,642.86,571.58,5,14,Tartan Dress,tops,39.99,12.95,4.05,73,Unknown,29,male,79.98,10.35741,69.62259
61,61,42,1,642.86,571.58,5,14,Water,groceries,0.99,14.92,4.96,53,Unknown,29,male,0.99,0.147708,0.842292
62,62,133,4,2851.92,2691.23,2,8,Samsung Galaxy S10,smartphones,699.99,5.59,3.06,19,Samsung,27,female,2799.96,156.517764,2643.442236
62,62,53,4,2851.92,2691.23,2,8,Chopping Board,kitchen-accessories,12.99,8.03,3.7,14,Unknown,27,female,51.96,4.172388,47.787612
63,63,153,1,511.92,460.04,4,8,Volleyball,sports-accessories,11.99,12.25,3.84,0,Unknown,34,male,11.99,1.468775,10.521225
63,63,179,2,511.92,460.04,4,8,Corset With Black Skirt,womens-dresses,79.99,15.06,4.52,33,Unknown,34,male,159.98,24.092988,135.887012
63,63,129,1,511.92,460.04,4,8,Realme X,smartphones,299.99,6.95,3.7,12,Realme,34,male,299.99,20.849305,279.140695
63,63,19,4,511.92,460.04,4,8,Chicken Meat,groceries,9.99,13.7,3.19,97,Unknown,34,male,39.96,5.47452,34.48548
64,64,79,3,6032.81,5389.02,5,19,Asus Zenbook Pro Dual Screen Laptop,laptops,1799.99,11.14,3.95,45,Asus,30,female,5399.97,601.556658,4798.413342
64,64,21,2,6032.81,5389.02,5,19,Cucumber,groceries,1.49,0.16,4.07,84,Unknown,30,female,2.98,0.004768,2.975232
64,64,73,4,6032.81,5389.02,5,19,Spice Rack,kitchen-accessories,19.99,12.09,4.87,79,Unknown,30,female,79.96,9.667164,70.292836
64,64,9,5,6032.81,5389.02,5,19,Dolce Shine Eau de,fragrances,69.99,0.62,3.96,4,Dolce & Gabbana,30,female,349.95,2.16969,347.78031
64,64,175,5,6032.81,5389.02,5,19,White Faux Leather Backpack,womens-bags,39.99,15.2,3.36,39,Urban Chic,30,female,199.95,30.3924,169.5576
65,65,130,4,1717.89,1517.78,4,11,Realme XT,smartphones,349.99,11.51,4.58,80,Realme,31,male,1399.96,161.135396,1238.824604
65,65,93,1,1717.89,1517.78,4,11,Brown Leather Belt Watch,mens-watches,89.99,5.99,4.19,32,Fashion Timepieces,31,male,89.99,5.390401,84.599599
65,65,175,5,1717.89,1517.78,4,11,White Faux Leather Backpack,womens-bags,39.99,15.2,3.36,39,Urban Chic,31,male,199.95,30.3924,169.5576
65,65,87,1,1717.89,1517.78,4,11,Men Check Shirt,mens-shirts,27.99,11.38,2.72,95,Urban Chic,31,male,27.99,3.1852620000000003,24.804738
66,66,193,2,2295.93,1907.41,4,7,Watch Gold for Women,womens-watches,799.99,18.34,4.24,0,Fashion Gold,28,female,1599.98,293.436332,1306.543668
66,66,160,1,2295.93,1907.41,4,7,Samsung Galaxy Tab S8 Plus Grey,tablets,599.99,13.31,4.68,62,Samsung,28,female,599.99,79.858669,520.131331
66,66,37,3,2295.93,1907.41,4,7,Red Onions,groceries,1.99,9.9,4.2,82,Unknown,28,female,5.97,0.59103,5.37897
66,66,178,1,2295.93,1907.41,4,7,Corset Leather With Skirt,womens-dresses,89.99,16.26,3.05,30,Unknown,28,female,89.99,14.632374,75.357626
67,67,135,1,443.96,389.6,3,4,Vivo V9,smartphones,299.99,17.67,3.6,82,Vivo,35,male,299.99,53.00823300000001,246.981767
67,67,9,2,443.96,389.6,3,4,Dolce Shine Eau de,fragrances,69.99,0.62,3.96,4,Dolce & Gabbana,35,male,139.98,0.867876,139.112124
67,67,29,1,443.96,389.6,3,4,Juice,groceries,3.99,12.06,3.94,50,Unknown,35,male,3.99,0.481194,3.5088060000000003
68,68,65,2,252.89,221.05,3,11,Lunch Box,kitchen-accessories,12.99,10.34,4.93,94,Unknown,26,female,25.98,2.686332,23.293668
68,68,164,5,252.89,221.05,3,11,Gray Dress,tops,34.99,14.28,2.72,55,Unknown,26,female,174.95000000000002,24.98286,149.96714000000003
68,68,53,4,252.89,221.05,3,11,Chopping Board,kitchen-accessories,12.99,8.03,3.7,14,Unknown,26,female,51.96,4.172388,47.787612
69,69,28,2,7185.87,6560.55,5,13,Ice Cream,groceries,5.49,8.69,3.39,27,Unknown,32,male,10.98,0.954162,10.025838
69,69,190,1,7185.87,6560.55,5,13,IWC Ingenieur Automatic Steel,womens-watches,4999.99,9.45,2.93,90,IWC,32,male,4999.99,472.499055,4527.490945
69,69,183,3,7185.87,6560.55,5,13,Green Oval Earring,womens-jewellery,24.99,15.18,3.57,73,Unknown,32,male,74.97,11.380446,63.589554
69,69,122,2,7185.87,6560.55,5,13,iPhone 6,smartphones,299.99,6.69,3.41,60,Apple,32,male,599.98,40.138662,559.8413380000001
69,69,122,5,7185.87,6560.55,5,13,iPhone 6,smartphones,299.99,6.69,3.41,60,Apple,32,male,1499.95,100.346655,1399.603345
70,70,161,5,3794.83,3295.62,5,17,Samsung Galaxy Tab White,tablets,349.99,18.2,3.72,92,Samsung,33,female,1749.95,318.4909,1431.4591
70,70,112,3,3794.83,3295.62,5,17,TV Studio Camera Pedestal,mobile-accessories,499.99,8.31,2.78,15,ProVision,33,female,1499.97,124.647507,1375.322493
70,70,130,1,3794.83,3295.62,5,17,Realme XT,smartphones,349.99,11.51,4.58,80,Realme,33,female,349.99,40.283849,309.706151
70,70,149,3,3794.83,3295.62,5,17,Iron Golf,sports-accessories,49.99,6.53,4.41,90,Unknown,33,female,149.97,9.793041,140.176959
70,70,72,5,3794.83,3295.62,5,17,Slotted Turner,kitchen-accessories,8.99,13.35,3.4,88,Unknown,33,female,44.95,6.000825,38.949175
71,71,133,4,77905.87,72541.01,4,13,Samsung Galaxy S10,smartphones,699.99,5.59,3.06,19,Samsung,30,male,2799.96,156.517764,2643.442236
71,71,180,2,77905.87,72541.01,4,13,Dress Pea,womens-dresses,49.99,17.68,4.88,6,Unknown,30,male,99.98,17.676464,82.30353600000001
71,71,23,2,77905.87,72541.01,4,13,Eggs,groceries,2.99,11.05,2.53,9,Unknown,30,male,5.98,0.6607900000000001,5.31921
71,71,115,5,77905.87,72541.01,4,13,MotoGP CI.H1,motorcycle,14999.99,6.92,2.97,10,MotoGP,30,male,74999.95,5189.99654,69809.95345999999
72,72,141,4,322.86,291.77,4,14,Basketball Rim,sports-accessories,39.99,7.74,4.6,43,Unknown,28,female,159.96,12.380904,147.579096
72,72,46,5,322.86,291.77,4,14,Plant Pot,home-decoration,14.99,6.84,3.01,59,Unknown,28,female,74.95,5.126580000000001,69.82342
72,72,61,2,322.86,291.77,4,14,Hand Blender,kitchen-accessories,34.99,17.02,3.86,84,Unknown,28,female,69.98,11.910596,58.069404000000006
72,72,38,3,322.86,291.77,4,14,Rice,groceries,5.99,9.29,3.18,59,Unknown,28,female,17.97,1.6694129999999998,16.300587
73,73,79,3,21807.84,20510.13,6,16,Asus Zenbook Pro Dual Screen Laptop,laptops,1799.99,11.14,3.95,45,Asus,35,male,5399.97,601.556658,4798.413342
73,73,111,2,21807.84,20510.13,6,16,Selfie Stick Monopod,mobile-accessories,12.99,19.12,3.88,11,SnapTech,35,male,25.98,4.967376000000001,21.012624
73,73,63,4,21807.84,20510.13,6,16,Kitchen Sieve,kitchen-accessories,7.99,18.91,3.09,68,Unknown,35,male,31.96,6.043636,25.916364
73,73,120,5,21807.84,20510.13,6,16,Vaseline Men Body and Face Lotion,skin-care,9.99,13.39,3.16,95,Vaseline,35,male,49.95,6.688305000000001,43.261695
73,73,129,1,21807.84,20510.13,6,16,Realme X,smartphones,299.99,6.95,3.7,12,Realme,35,male,299.99,20.849305,279.140695
73,73,191,1,21807.84,20510.13,6,16,Rolex Cellini Moonphase,womens-watches,15999.99,4.11,3.83,52,Rolex,35,male,15999.99,657.5995889999999,15342.390411
74,74,105,1,1562.41,1379.22,4,9,Apple MagSafe Battery Pack,mobile-accessories,99.99,17.17,3.62,1,Apple,29,female,99.99,17.168283000000002,82.82171699999999
74,74,130,4,1562.41,1379.22,4,9,Realme XT,smartphones,349.99,11.51,4.58,80,Realme,29,female,1399.96,161.135396,1238.824604
74,74,41,1,1562.41,1379.22,4,9,Tissue Paper Box,groceries,2.49,13.28,2.69,86,Unknown,29,female,2.49,0.330672,2.1593280000000004
74,74,36,3,1562.41,1379.22,4,9,Protein Powder,groceries,19.99,7.59,4.18,80,Unknown,29,female,59.97,4.551723,55.418277
75,75,41,1,346.44,286.02,4,6,Tissue Paper Box,groceries,2.49,13.28,2.69,86,Unknown,32,male,2.49,0.330672,2.1593280000000004
75,75,127,1,346.44,286.02,4,6,Oppo K1,smartphones,299.99,18.29,4.25,55,Oppo,32,male,299.99,54.868171,245.121829
75,75,73,2,346.44,286.02,4,6,Spice Rack,kitchen-accessories,19.99,12.09,4.87,79,Unknown,32,male,39.98,4.833582,35.146418
75,75,37,2,346.44,286.02,4,6,Red Onions,groceries,1.99,9.9,4.2,82,Unknown,32,male,3.98,0.39402,3.58598
76,76,108,3,37629.86,36017.72,5,14,iPhone 12 Silicone Case with MagSafe Plum,mobile-accessories,29.99,13.85,3.62,69,Apple,27,female,89.97,12.460845,77.50915499999999
76,76,78,4,37629.86,36017.72,5,14,Apple MacBook Pro 14 Inch Space Grey,laptops,1999.99,4.69,3.65,24,Apple,27,female,7999.96,375.198124,7624.761876
76,76,167,1,37629.86,36017.72,5,14,300 Touring,vehicle,28999.99,3.98,4.05,54,Chrysler,27,female,28999.99,1154.199602,27845.790398
76,76,177,3,37629.86,36017.72,5,14,Black Women's Gown,womens-dresses,129.99,10.48,3.64,25,Unknown,27,female,389.97,40.86885600000001,349.10114400000003
76,76,152,3,37629.86,36017.72,5,14,Tennis Racket,sports-accessories,49.99,19.61,4.03,6,Unknown,27,female,149.97,29.409117,120.560883
77,77,106,2,999.95,880.59,3,5,Apple Watch Series 4 Gold,mobile-accessories,349.99,12.02,2.74,33,Apple,34,male,699.98,84.13759599999999,615.842404
77,77,178,2,999.95,880.59,3,5,Corset Leather With Skirt,womens-dresses,89.99,16.26,3.05,30,Unknown,34,male,179.98,29.264748,150.715252
77,77,91,1,999.95,880.59,3,5,Sports Sneakers Off White & Red,mens-shoes,119.99,4.97,4.77,17,Off White,34,male,119.99,5.963502999999999,114.026497
78,78,171,4,128964.87,109890.08,4,13,Pacifica Touring,vehicle,31999.99,14.76,3.62,53,Chrysler,31,female,127999.96,18892.794096,109107.165904
78,78,120,3,128964.87,109890.08,4,13,Vaseline Men Body and Face Lotion,skin-care,9.99,13.39,3.16,95,Vaseline,31,female,29.97,4.012983,25.957017
78,78,181,5,128964.87,109890.08,4,13,Marni Red & Black Suit,womens-dresses,179.99,19.02,4.48,62,Unknown,31,female,899.95,171.17049,728.7795100000001
78,78,85,1,128964.87,109890.08,4,13,Man Plaid Shirt,mens-shirts,34.99,19.5,3.46,82,Classic Wear,31,female,34.99,6.82305,28.16695
79,79,18,3,1575.87,1336.5,6,13,Cat Food,groceries,8.99,9.58,3.13,46,Unknown,33,male,26.97,2.583726,24.386274
79,79,84,3,1575.87,1336.5,6,13,Gigabyte Aorus Men Tshirt,mens-shirts,24.99,0.94,3.18,90,Gigabyte,33,male,74.97,0.7047180000000001,74.265282
79,79,193,1,1575.87,1336.5,6,13,Watch Gold for Women,womens-watches,799.99,18.34,4.24,0,Fashion Gold,33,male,799.99,146.718166,653.271834
79,79,174,1,1575.87,1336.5,6,13,Prada Women Bag,womens-bags,599.99,14.09,2.71,75,Prada,33,male,599.99,84.538591,515.451409
79,79,147,3,1575.87,1336.5,6,13,Football,sports-accessories,17.99,5.15,3.28,96,Unknown,33,male,53.97,2.7794550000000005,51.190545
79,79,50,2,1575.87,1336.5,6,13,Black Whisk,kitchen-accessories,9.99,10.24,3.9,73,Unknown,33,male,19.98,2.045952,17.934048
80,80,41,2,1504.93,1217.93,2,7,Tissue Paper Box,groceries,2.49,13.28,2.69,86,Unknown,28,female,4.98,0.661344,4.318656000000001
80,80,13,5,1504.93,1217.93,2,7,Bedside Table African Cherry,furniture,299.99,19.09,2.87,64,Furniture Co.,28,female,1499.95,286.340455,1213.609545
81,81,2,3,242.85,217.41,4,15,Eyeshadow Palette with Mirror,beauty,19.99,18.19,2.86,34,Glamour Beauty,30,male,59.97,10.908543,49.061457
81,81,36,5,242.85,217.41,4,15,Protein Powder,groceries,19.99,7.59,4.18,80,Unknown,30,male,99.95,7.586204999999999,92.363795
81,81,18,2,242.85,217.41,4,15,Cat Food,groceries,8.99,9.58,3.13,46,Unknown,30,male,17.98,1.722484,16.257516
81,81,53,5,242.85,217.41,4,15,Chopping Board,kitchen-accessories,12.99,8.03,3.7,14,Unknown,30,male,64.95,5.215485,59.734515
82,82,163,1,1974.84,1674.54,5,16,Girl Summer Dress,tops,19.99,19.2,4.77,43,Unknown,27,female,19.99,3.8380799999999993,16.15192
82,82,46,5,1974.84,1674.54,5,16,Plant Pot,home-decoration,14.99,6.84,3.01,59,Unknown,27,female,74.95,5.126580000000001,69.82342
82,82,43,3,1974.84,1674.54,5,16,Decoration Swing,home-decoration,59.99,10.41,3.16,47,Unknown,27,female,179.97,18.734877,161.235123
82,82,107,4,1974.84,1674.54,5,16,Beats Flex Wireless Earphones,mobile-accessories,49.99,5.73,4.24,50,Beats,27,female,199.96,11.457708000000002,188.502292
82,82,136,3,1974.84,1674.54,5,16,Vivo X21,smartphones,499.99,17.41,4.26,7,Vivo,27,female,1499.97,261.144777,1238.825223
83,83,163,2,150061.36,125679.0,5,14,Girl Summer Dress,tops,19.99,19.2,4.77,43,Unknown,35,male,39.98,7.6761599999999985,32.30384
83,83,32,1,150061.36,125679.0,5,14,Milk,groceries,3.49,13.74,2.61,27,Unknown,35,male,3.49,0.479526,3.0104740000000003
83,83,14,4,150061.36,125679.0,5,14,Knoll Saarinen Executive Conference Chair,furniture,499.99,2.01,4.88,26,Knoll,35,male,1999.96,40.199196,1959.760804
83,83,170,4,150061.36,125679.0,5,14,Durango SXT RWD,vehicle,36999.99,16.44,4.07,95,Dodge,35,male,147999.96,24331.193424,123668.766576
83,83,49,3,150061.36,125679.0,5,14,Black Aluminium Cup,kitchen-accessories,5.99,15.65,4.46,75,Unknown,35,male,17.97,2.8123050000000003,15.157695
84,84,141,2,569.92,542.55,3,8,Basketball Rim,sports-accessories,39.99,7.74,4.6,43,Unknown,29,female,79.98,6.1904520000000005,73.789548
84,84,90,5,569.92,542.55,3,8,Puma Future Rider Trainers,mens-shoes,89.99,4.2,4.9,90,Puma,29,female,449.95,18.8979,431.0521
84,84,71,1,569.92,542.55,3,8,Silver Pot With Glass Cap,kitchen-accessories,39.99,5.7,3.22,40,Unknown,29,female,39.99,2.27943,37.71057
85,85,157,4,179.94,163.88,2,6,Party Glasses,sunglasses,19.99,11.22,2.79,86,Fashion Fun,32,male,79.96,8.971512,70.98848799999999
85,85,47,2,179.94,163.88,2,6,Table Lamp,home-decoration,49.99,7.09,3.55,9,Unknown,32,male,99.98,7.088582,92.891418
86,86,114,5,45249.9,40809.21,2,10,Kawasaki Z800,motorcycle,8999.99,9.77,3.98,52,Kawasaki,27,female,44999.95,4396.495115,40603.454885
86,86,180,5,45249.9,40809.21,2,10,Dress Pea,womens-dresses,49.99,17.68,4.88,6,Unknown,27,female,249.95,44.19116,205.75884
87,87,45,5,309.92,278.38,3,8,House Showpiece Plant,home-decoration,39.99,7.46,4.67,28,Unknown,34,male,199.95,14.916270000000004,185.03373
87,87,175,2,309.92,278.38,3,8,White Faux Leather Backpack,womens-bags,39.99,15.2,3.36,39,Urban Chic,34,male,79.98,12.15696,67.82304
87,87,44,1,309.92,278.38,3,8,Family Tree Photo Frame,home-decoration,29.99,14.87,4.53,77,Unknown,34,male,29.99,4.459512999999999,25.530487
88,88,58,5,149.94,128.13,2,6,Fork,kitchen-accessories,3.99,8.07,3.11,7,Unknown,31,female,19.950000000000003,1.6099650000000003,18.340035000000004
88,88,100,1,149.94,128.13,2,6,Apple Airpods,mobile-accessories,129.99,15.54,4.15,67,Apple,31,female,129.99,20.200446,109.789554
89,89,30,4,2458.83,2111.01,6,17,Kiwi,groceries,2.49,15.22,4.93,99,Unknown,33,male,9.96,1.515912,8.444088
89,89,101,4,2458.83,2111.01,6,17,Apple AirPods Max Silver,mobile-accessories,549.99,13.67,3.47,59,Apple,33,male,2199.96,300.734532,1899.225468
89,89,44,1,2458.83,2111.01,6,17,Family Tree Photo Frame,home-decoration,29.99,14.87,4.53,77,Unknown,33,male,29.99,4.459512999999999,25.530487
89,89,150,2,2458.83,2111.01,6,17,Metal Baseball Bat,sports-accessories,29.99,19.51,4.66,16,Unknown,33,male,59.98,11.702098,48.277902
89,89,150,5,2458.83,2111.01,6,17,Metal Baseball Bat,sports-accessories,29.99,19.51,4.66,16,Unknown,33,male,149.95,29.255245,120.694755
89,89,138,1,2458.83,2111.01,6,17,Baseball Ball,sports-accessories,8.99,1.71,2.57,100,Unknown,33,male,8.99,0.153729,8.836271
90,90,132,2,6059.84,5010.11,5,16,Samsung Galaxy S8,smartphones,499.99,19.45,4.4,0,Samsung,28,female,999.98,194.49611,805.48389
90,90,180,4,6059.84,5010.11,5,16,Dress Pea,womens-dresses,49.99,17.68,4.88,6,Unknown,28,female,199.96,35.352928,164.60707200000002
90,90,83,2,6059.84,5010.11,5,16,Blue & Black Check Shirt,mens-shirts,29.99,15.35,3.64,38,Fashion Trends,28,female,59.98,9.20693,50.77307
90,90,176,5,6059.84,5010.11,5,16,Women Handbag Black,womens-bags,59.99,11.63,2.89,11,Elegance Collection,28,female,299.95,34.884185,265.065815
90,90,94,3,6059.84,5010.11,5,16,Longines Master Collection,mens-watches,1499.99,17.24,3.87,100,Longines,28,female,4499.97,775.7948279999999,3724.175172
91,91,187,4,259.94,228.17,2,6,Golden Shoes Woman,womens-shoes,49.99,13.93,3.26,88,Fashion Diva,30,male,199.96,27.854428,172.105572
91,91,52,2,259.94,228.17,2,6,Carbon Steel Wok,kitchen-accessories,29.99,6.53,4.05,40,Unknown,30,male,59.98,3.916694,56.063306
92,92,132,1,809.92,680.17,3,8,Samsung Galaxy S8,smartphones,499.99,19.45,4.4,0,Samsung,27,female,499.99,97.248055,402.741945
92,92,187,3,809.92,680.17,3,8,Golden Shoes Woman,womens-shoes,49.99,13.93,3.26,88,Fashion Diva,27,female,149.97,20.890821000000003,129.079179
92,92,51,4,809.92,680.17,3,8,Boxed Blender,kitchen-accessories,39.99,7.26,4.56,9,Unknown,27,female,159.96,11.613096,148.346904
93,93,83,2,1809.86,1468.77,5,14,Blue & Black Check Shirt,mens-shirts,29.99,15.35,3.64,38,Fashion Trends,35,male,59.98,9.20693,50.77307
93,93,74,2,1809.86,1468.77,5,14,Spoon,kitchen-accessories,4.99,1.53,4.03,59,Unknown,35,male,9.98,0.152694,9.827306
93,93,103,1,1809.86,1468.77,5,14,Apple HomePod Mini Cosmic Grey,mobile-accessories,99.99,18.1,4.62,27,Apple,35,male,99.99,18.09819,81.89180999999999
93,93,85,4,1809.86,1468.77,5,14,Man Plaid Shirt,mens-shirts,34.99,19.5,3.46,82,Classic Wear,35,male,139.96,27.2922,112.6678
93,93,13,5,1809.86,1468.77,5,14,Bedside Table African Cherry,furniture,299.99,19.09,2.87,64,Furniture Co.,35,male,1499.95,286.340455,1213.609545
94,94,75,5,345.81,312.15,5,19,Tray,kitchen-accessories,16.99,7.48,4.62,71,Unknown,29,female,84.94999999999999,6.354259999999999,78.59573999999999
94,94,3,4,345.81,312.15,5,19,Powder Canister,beauty,14.99,9.84,4.64,89,Velvet Touch,29,female,59.96,5.900064,54.059936
94,94,155,3,345.81,312.15,5,19,Classic Sun Glasses,sunglasses,24.99,4.94,3.86,1,Fashion Shades,29,female,74.97,3.703518,71.266482
94,94,16,3,345.81,312.15,5,19,Apple,groceries,1.99,12.62,4.19,8,Unknown,29,female,5.97,0.7534139999999999,5.216586
94,94,188,4,345.81,312.15,5,19,Pampi Shoes,womens-shoes,29.99,14.14,3.05,49,Pampi,29,female,119.96,16.962344,102.997656
95,95,133,5,154490.76,129783.31,6,24,Samsung Galaxy S10,smartphones,699.99,5.59,3.06,19,Samsung,32,male,3499.95,195.647205,3304.302795
95,95,23,2,154490.76,129783.31,6,24,Eggs,groceries,2.99,11.05,2.53,9,Unknown,32,male,5.98,0.6607900000000001,5.31921
95,95,170,4,154490.76,129783.31,6,24,Durango SXT RWD,vehicle,36999.99,16.44,4.07,95,Dodge,32,male,147999.96,24331.193424,123668.766576
95,95,183,5,154490.76,129783.31,6,24,Green Oval Earring,womens-jewellery,24.99,15.18,3.57,73,Unknown,32,male,124.95,18.96741,105.98259
95,95,133,4,154490.76,129783.31,6,24,Samsung Galaxy S10,smartphones,699.99,5.59,3.06,19,Samsung,32,male,2799.96,156.517764,2643.442236
95,95,140,4,154490.76,129783.31,6,24,Basketball,sports-accessories,14.99,7.44,4.66,75,Unknown,32,male,59.96,4.461024,55.498976
96,96,5,5,104.93,92.51,2,7,Red Nail Polish,beauty,8.99,11.44,4.32,79,Nail Couture,27,female,44.95,5.14228,39.80772
96,96,162,2,104.93,92.51,2,7,Blue Frock,tops,29.99,12.13,4.17,52,Unknown,27,female,59.98,7.275574000000001,52.704426
97,97,18,1,2013.93,1623.42,3,7,Cat Food,groceries,8.99,9.58,3.13,46,Unknown,34,male,8.99,0.8612420000000001,8.128758
97,97,41,2,2013.93,1623.42,3,7,Tissue Paper Box,groceries,2.49,13.28,2.69,86,Unknown,34,male,4.98,0.661344,4.318656000000001
97,97,132,4,2013.93,1623.42,3,7,Samsung Galaxy S8,smartphones,499.99,19.45,4.4,0,Samsung,34,male,1999.96,388.99222,1610.96778
98,98,180,5,1010.78,896.98,6,22,Dress Pea,womens-dresses,49.99,17.68,4.88,6,Unknown,31,female,249.95,44.19116,205.75884
98,98,48,2,1010.78,896.98,6,22,Bamboo Spatula,kitchen-accessories,7.99,2.84,3.27,37,Unknown,31,female,15.98,0.453832,15.526168
98,98,99,5,1010.78,896.98,6,22,Amazon Echo Plus,mobile-accessories,99.99,12.07,4.99,61,Amazon,31,female,499.95,60.343965,439.606035
98,98,188,1,1010.78,896.98,6,22,Pampi Shoes,womens-shoes,29.99,14.14,3.05,49,Pampi,31,female,29.99,4.240586,25.749414
98,98,156,4,1010.78,896.98,6,22,Green and Black Glasses,sunglasses,34.99,1.01,4.55,24,Fashion Shades,31,female,139.96,1.413596,138.546404
98,98,24,5,1010.78,896.98,6,22,Fish Steak,groceries,14.99,4.23,3.78,74,Unknown,31,female,74.95,3.1703850000000005,71.779615
99,99,18,3,124.4,117.96,4,10,Cat Food,groceries,8.99,9.58,3.13,46,Unknown,33,male,26.97,2.583726,24.386274
99,99,68,3,124.4,117.96,4,10,Pan,kitchen-accessories,24.99,3.0,2.79,90,Unknown,33,male,74.97,2.2491,72.7209
99,99,146,1,124.4,117.96,4,10,Feather Shuttlecock,sports-accessories,5.99,2.95,2.85,95,Unknown,33,male,5.99,0.176705,5.813295
99,99,28,3,124.4,117.96,4,10,Ice Cream,groceries,5.49,8.69,3.39,27,Unknown,33,male,16.47,1.4312429999999998,15.038757
100,100,31,4,33003.13,31771.92,2,7,Lemon,groceries,0.79,9.7,3.53,31,Unknown,28,female,3.16,0.3065199999999999,2.85348
100,100,97,3,33003.13,31771.92,2,7,Rolex Datejust,mens-watches,10999.99,3.73,3.66,86,Rolex,28,female,32999.97,1230.898881,31769.071119
101,101,57,3,1551.88,1464.78,5,12,Fine Mesh Strainer,kitchen-accessories,9.99,3.5,3.04,85,Unknown,29,female,29.97,1.04895,28.92105
101,101,153,3,1551.88,1464.78,5,12,Volleyball,sports-accessories,11.99,12.25,3.84,0,Unknown,29,female,35.97,4.406325,31.563675
101,101,133,2,1551.88,1464.78,5,12,Samsung Galaxy S10,smartphones,699.99,5.59,3.06,19,Samsung,29,female,1399.98,78.258882,1321.721118
101,101,22,1,1551.88,1464.78,5,12,Dog Food,groceries,10.99,10.27,4.55,71,Unknown,29,female,10.99,1.128673,9.861327
101,101,68,3,1551.88,1464.78,5,12,Pan,kitchen-accessories,24.99,3.0,2.79,90,Unknown,29,female,74.97,2.2491,72.7209
102,102,22,1,171.9,155.13,5,10,Dog Food,groceries,10.99,10.27,4.55,71,Unknown,36,male,10.99,1.128673,9.861327
102,102,111,1,171.9,155.13,5,10,Selfie Stick Monopod,mobile-accessories,12.99,19.12,3.88,11,SnapTech,36,male,12.99,2.4836880000000003,10.506312
102,102,53,4,171.9,155.13,5,10,Chopping Board,kitchen-accessories,12.99,8.03,3.7,14,Unknown,36,male,51.96,4.172388,47.787612
102,102,45,2,171.9,155.13,5,10,House Showpiece Plant,home-decoration,39.99,7.46,4.67,28,Unknown,36,male,79.98,5.966508,74.013492
102,102,63,2,171.9,155.13,5,10,Kitchen Sieve,kitchen-accessories,7.99,18.91,3.09,68,Unknown,36,male,15.98,3.021818,12.958182
103,103,37,5,35.89,31.79,3,11,Red Onions,groceries,1.99,9.9,4.2,82,Unknown,43,female,9.95,0.98505,8.96495
103,103,39,4,35.89,31.79,3,11,Soft Drinks,groceries,1.99,17.48,4.75,53,Unknown,43,female,7.96,1.3914080000000002,6.568592
103,103,18,2,35.89,31.79,3,11,Cat Food,groceries,8.99,9.58,3.13,46,Unknown,43,female,17.98,1.722484,16.257516
104,104,87,5,1120.23,990.53,6,27,Men Check Shirt,mens-shirts,27.99,11.38,2.72,95,Urban Chic,25,male,139.95,15.92631,124.02369
104,104,24,5,1120.23,990.53,6,27,Fish Steak,groceries,14.99,4.23,3.78,74,Unknown,25,male,74.95,3.1703850000000005,71.779615
104,104,32,3,1120.23,990.53,6,27,Milk,groceries,3.49,13.74,2.61,27,Unknown,25,male,10.47,1.438578,9.031422
104,104,66,4,1120.23,990.53,6,27,Microwave Oven,kitchen-accessories,89.99,12.13,4.82,59,Unknown,25,male,359.96,43.663148,316.296852
104,104,55,5,1120.23,990.53,6,27,Egg Slicer,kitchen-accessories,6.99,14.76,3.09,40,Unknown,25,male,34.95,5.158620000000001,29.791380000000004
104,104,99,5,1120.23,990.53,6,27,Amazon Echo Plus,mobile-accessories,99.99,12.07,4.99,61,Amazon,25,male,499.95,60.343965,439.606035
105,105,148,2,147.91,134.21,3,9,Golf Ball,sports-accessories,9.99,17.37,4.3,84,Unknown,32,female,19.98,3.4705260000000004,16.509474
105,105,109,3,147.91,134.21,3,9,Monopod,mobile-accessories,19.99,8.58,4.43,48,TechGear,32,female,59.97,5.145426,54.824574
105,105,75,4,147.91,134.21,3,9,Tray,kitchen-accessories,16.99,7.48,4.62,71,Unknown,32,female,67.96,5.083408,62.876592
106,106,84,1,104.97,94.38,2,3,Gigabyte Aorus Men Tshirt,mens-shirts,24.99,0.94,3.18,90,Gigabyte,40,male,24.99,0.2349059999999999,24.755094
106,106,166,2,104.97,94.38,2,3,Tartan Dress,tops,39.99,12.95,4.05,73,Unknown,40,male,79.98,10.35741,69.62259
107,107,52,1,129.97,120.92,2,3,Carbon Steel Wok,kitchen-accessories,29.99,6.53,4.05,40,Unknown,30,female,29.99,1.958347,28.031653
107,107,47,2,129.97,120.92,2,3,Table Lamp,home-decoration,49.99,7.09,3.55,9,Unknown,30,female,99.98,7.088582,92.891418
108,108,142,1,1062.96,935.63,2,4,Cricket Ball,sports-accessories,12.99,8.63,3.53,30,Unknown,46,male,12.99,1.1210370000000005,11.868963
108,108,106,3,1062.96,935.63,2,4,Apple Watch Series 4 Gold,mobile-accessories,349.99,12.02,2.74,33,Apple,46,male,1049.97,126.206394,923.763606
109,109,78,5,10089.94,9615.55,2,6,Apple MacBook Pro 14 Inch Space Grey,laptops,1999.99,4.69,3.65,24,Apple,34,female,9999.95,468.99765500000007,9530.952345000002
109,109,93,1,10089.94,9615.55,2,6,Brown Leather Belt Watch,mens-watches,89.99,5.99,4.19,32,Fashion Timepieces,34,female,89.99,5.390401,84.599599
110,110,170,1,37703.85,31595.18,5,15,Durango SXT RWD,vehicle,36999.99,16.44,4.07,95,Dodge,28,male,36999.99,6082.798356,30917.191644
110,110,163,3,37703.85,31595.18,5,15,Girl Summer Dress,tops,19.99,19.2,4.77,43,Unknown,28,male,59.97,11.51424,48.45576
110,110,38,4,37703.85,31595.18,5,15,Rice,groceries,5.99,9.29,3.18,59,Unknown,28,male,23.96,2.225884,21.734116
110,110,61,2,37703.85,31595.18,5,15,Hand Blender,kitchen-accessories,34.99,17.02,3.86,84,Unknown,28,male,69.98,11.910596,58.069404000000006
110,110,92,5,37703.85,31595.18,5,15,Sports Sneakers Off White Red,mens-shoes,109.99,0.04,4.69,62,Off White,28,male,549.9499999999999,0.2199799999999999,549.73002
111,111,12,5,13899.91,11845.13,2,9,Annibale Colombo Sofa,furniture,2499.99,14.4,3.92,60,Annibale Colombo,37,female,12499.95,1799.9928,10699.9572
111,111,161,4,13899.91,11845.13,2,9,Samsung Galaxy Tab White,tablets,349.99,18.2,3.72,92,Samsung,37,female,1399.96,254.79272,1145.16728
112,112,172,4,384.88,343.42,4,12,Blue Women's Handbag,womens-bags,49.99,17.88,2.92,76,Fashionista,42,male,199.96,35.752848,164.207152
112,112,49,1,384.88,343.42,4,12,Black Aluminium Cup,kitchen-accessories,5.99,15.65,4.46,75,Unknown,42,male,5.99,0.937435,5.052565
112,112,142,3,384.88,343.42,4,12,Cricket Ball,sports-accessories,12.99,8.63,3.53,30,Unknown,42,male,38.97,3.363111,35.606888999999995
112,112,156,4,384.88,343.42,4,12,Green and Black Glasses,sunglasses,34.99,1.01,4.55,24,Fashion Shades,42,male,139.96,1.413596,138.546404
113,113,1,5,1624.87,1480.45,3,13,Essence Mascara Lash Princess,beauty,9.99,10.48,2.56,99,Essence,26,female,49.95,5.23476,44.71524
113,113,110,5,1624.87,1480.45,3,13,Selfie Lamp with iPhone,mobile-accessories,14.99,19.4,3.55,58,GadgetMaster,26,female,74.95,14.5403,60.4097
113,113,112,3,1624.87,1480.45,3,13,TV Studio Camera Pedestal,mobile-accessories,499.99,8.31,2.78,15,ProVision,26,female,1499.97,124.647507,1375.322493
114,114,105,2,37699.93,33323.1,2,7,Apple MagSafe Battery Pack,mobile-accessories,99.99,17.17,3.62,1,Apple,33,male,199.98,34.336566000000005,165.64343399999998
114,114,117,5,37699.93,33323.1,2,7,Sportbike Motorcycle,motorcycle,7499.99,11.58,3.94,0,SpeedMaster,33,male,37499.95,4342.49421,33157.45579
115,115,166,2,4526.87,4223.96,5,13,Tartan Dress,tops,39.99,12.95,4.05,73,Unknown,39,female,79.98,10.35741,69.62259
115,115,81,4,4526.87,4223.96,5,13,Lenovo Yoga 920,laptops,1099.99,6.55,2.86,40,Lenovo,39,female,4399.96,288.19738,4111.76262
115,115,69,2,4526.87,4223.96,5,13,Plate,kitchen-accessories,3.99,7.31,3.65,66,Unknown,39,female,7.98,0.5833379999999999,7.396662000000001
115,115,18,4,4526.87,4223.96,5,13,Cat Food,groceries,8.99,9.58,3.13,46,Unknown,39,female,35.96,3.4449680000000003,32.515032
115,115,23,1,4526.87,4223.96,5,13,Eggs,groceries,2.99,11.05,2.53,9,Unknown,39,female,2.99,0.330395,2.659605
116,116,144,1,9141.33,8558.54,5,17,Cricket Helmet,sports-accessories,44.99,9.64,4.69,10,Unknown,27,male,44.99,4.337036,40.652964
116,116,21,5,9141.33,8558.54,5,17,Cucumber,groceries,1.49,0.16,4.07,84,Unknown,27,male,7.45,0.01192,7.43808
116,116,116,3,9141.33,8558.54,5,17,Scooter Motorcycle,motorcycle,2999.99,6.27,2.53,84,ScootMaster,27,male,8999.97,564.2981189999999,8435.671881
116,116,111,3,9141.33,8558.54,5,17,Selfie Stick Monopod,mobile-accessories,12.99,19.12,3.88,11,SnapTech,27,male,38.97,7.451064,31.518936
116,116,120,5,9141.33,8558.54,5,17,Vaseline Men Body and Face Lotion,skin-care,9.99,13.39,3.16,95,Vaseline,27,male,49.95,6.688305000000001,43.261695
117,117,11,2,10989.86,9985.79,5,14,Annibale Colombo Bed,furniture,1899.99,8.57,4.77,88,Annibale Colombo,44,female,3799.98,325.65828600000003,3474.321714
117,117,69,1,10989.86,9985.79,5,14,Plate,kitchen-accessories,3.99,7.31,3.65,66,Unknown,44,female,3.99,0.2916689999999999,3.698331000000001
117,117,37,3,10989.86,9985.79,5,14,Red Onions,groceries,1.99,9.9,4.2,82,Unknown,44,female,5.97,0.59103,5.37897
117,117,176,3,10989.86,9985.79,5,14,Women Handbag Black,womens-bags,59.99,11.63,2.89,11,Elegance Collection,44,female,179.97,20.930511000000003,159.039489
117,117,80,5,10989.86,9985.79,5,14,Huawei Matebook X Pro,laptops,1399.99,9.38,4.98,75,Huawei,44,female,6999.95,656.59531,6343.35469
118,118,60,4,158.85,141.14,4,15,Grater Black,kitchen-accessories,10.99,3.56,3.21,84,Unknown,31,male,43.96,1.564976,42.395024
118,118,183,2,158.85,141.14,4,15,Green Oval Earring,womens-jewellery,24.99,15.18,3.57,73,Unknown,31,male,49.98,7.586963999999999,42.393036
118,118,120,4,158.85,141.14,4,15,Vaseline Men Body and Face Lotion,skin-care,9.99,13.39,3.16,95,Vaseline,31,male,39.96,5.350644,34.609356
118,118,33,5,158.85,141.14,4,15,Mulberry,groceries,4.99,12.87,4.95,99,Unknown,31,male,24.950000000000003,3.2110650000000005,21.738935
119,119,104,2,299.96,252.16,2,4,Apple iPhone Charger,mobile-accessories,19.99,18.52,4.15,31,Apple,35,male,39.98,7.404295999999999,32.575703999999995
119,119,100,2,299.96,252.16,2,4,Apple Airpods,mobile-accessories,129.99,15.54,4.15,67,Apple,35,male,259.98,40.400892,219.579108
120,120,105,2,879.92,814.89,3,8,Apple MagSafe Battery Pack,mobile-accessories,99.99,17.17,3.62,1,Apple,38,female,199.98,34.336566000000005,165.64343399999998
120,120,45,2,879.92,814.89,3,8,House Showpiece Plant,home-decoration,39.99,7.46,4.67,28,Unknown,38,female,79.98,5.966508,74.013492
120,120,88,4,879.92,814.89,3,8,Nike Air Jordan 1 Red And Black,mens-shoes,149.99,4.12,4.77,7,Nike,38,female,599.96,24.718352000000003,575.241648
121,121,60,5,83.9,79.41,3,10,Grater Black,kitchen-accessories,10.99,3.56,3.21,84,Unknown,30,female,54.95,1.95622,52.99378
121,121,42,3,83.9,79.41,3,10,Water,groceries,0.99,14.92,4.96,53,Unknown,30,female,2.97,0.4431239999999999,2.526876
121,121,53,2,83.9,79.41,3,10,Chopping Board,kitchen-accessories,12.99,8.03,3.7,14,Unknown,30,female,25.98,2.086194,23.893806
122,122,95,3,27089.94,24688.5,3,6,Rolex Cellini Date Black Dial,mens-watches,8999.99,8.88,4.97,40,Rolex,45,male,26999.97,2397.5973360000003,24602.372664
122,122,184,2,27089.94,24688.5,3,6,Tropical Earring,womens-jewellery,19.99,0.76,4.4,1,Unknown,45,male,39.98,0.303848,39.676152
122,122,47,1,27089.94,24688.5,3,6,Table Lamp,home-decoration,49.99,7.09,3.55,9,Unknown,45,male,49.99,3.544291,46.445709
123,123,183,4,84301.79,78514.37,6,21,Green Oval Earring,womens-jewellery,24.99,15.18,3.57,73,Unknown,24,female,99.96,15.173927999999998,84.78607199999999
123,123,116,3,84301.79,78514.37,6,21,Scooter Motorcycle,motorcycle,2999.99,6.27,2.53,84,ScootMaster,24,female,8999.97,564.2981189999999,8435.671881
123,123,155,4,84301.79,78514.37,6,21,Classic Sun Glasses,sunglasses,24.99,4.94,3.86,1,Fashion Shades,24,female,99.96,4.938024,95.021976
123,123,53,4,84301.79,78514.37,6,21,Chopping Board,kitchen-accessories,12.99,8.03,3.7,14,Unknown,24,female,51.96,4.172388,47.787612
123,123,115,5,84301.79,78514.37,6,21,MotoGP CI.H1,motorcycle,14999.99,6.92,2.97,10,MotoGP,24,female,74999.95,5189.99654,69809.95345999999
123,123,180,1,84301.79,78514.37,6,21,Dress Pea,womens-dresses,49.99,17.68,4.88,6,Unknown,24,female,49.99,8.838232,41.151768
124,124,144,4,469.85,433.96,4,15,Cricket Helmet,sports-accessories,44.99,9.64,4.69,10,Unknown,40,male,179.96,17.348144,162.61185600000002
124,124,149,5,469.85,433.96,4,15,Iron Golf,sports-accessories,49.99,6.53,4.41,90,Unknown,40,male,249.95,16.321735,233.62826500000003
124,124,146,5,469.85,433.96,4,15,Feather Shuttlecock,sports-accessories,5.99,2.95,2.85,95,Unknown,40,male,29.950000000000003,0.8835250000000002,29.066475000000004
124,124,120,1,469.85,433.96,4,15,Vaseline Men Body and Face Lotion,skin-care,9.99,13.39,3.16,95,Vaseline,40,male,9.99,1.337661,8.652339
125,125,123,3,3364.92,3047.81,2,8,iPhone 13 Pro,smartphones,1099.99,9.37,4.12,56,Apple,46,male,3299.9700000000003,309.207189,2990.7628110000005
125,125,4,5,3364.92,3047.81,2,8,Red Lipstick,beauty,12.99,12.16,4.36,91,Chic Cosmetics,46,male,64.95,7.89792,57.05208
126,126,181,2,1105.34,920.91,5,16,Marni Red & Black Suit,womens-dresses,179.99,19.02,4.48,62,Unknown,28,female,359.98,68.46819599999999,291.51180400000004
126,126,68,5,1105.34,920.91,5,16,Pan,kitchen-accessories,24.99,3.0,2.79,90,Unknown,28,female,124.95,3.7485,121.2015
126,126,69,2,1105.34,920.91,5,16,Plate,kitchen-accessories,3.99,7.31,3.65,66,Unknown,28,female,7.98,0.5833379999999999,7.396662000000001
126,126,127,2,1105.34,920.91,5,16,Oppo K1,smartphones,299.99,18.29,4.25,55,Oppo,28,female,599.98,109.736342,490.243658
126,126,30,5,1105.34,920.91,5,16,Kiwi,groceries,2.49,15.22,4.93,99,Unknown,28,female,12.45,1.8948900000000004,10.55511
127,127,140,2,1023.86,887.48,5,14,Basketball,sports-accessories,14.99,7.44,4.66,75,Unknown,41,male,29.98,2.230512,27.749488
127,127,128,3,1023.86,887.48,5,14,Realme C35,smartphones,149.99,15.3,4.2,48,Realme,41,male,449.97,68.84541000000002,381.12459
127,127,87,3,1023.86,887.48,5,14,Men Check Shirt,mens-shirts,27.99,11.38,2.72,95,Urban Chic,41,male,83.97,9.555786,74.414214
127,127,46,4,1023.86,887.48,5,14,Plant Pot,home-decoration,14.99,6.84,3.01,59,Unknown,41,male,59.96,4.101264,55.858736
127,127,121,2,1023.86,887.48,5,14,iPhone 5s,smartphones,199.99,12.91,2.83,25,Apple,41,male,399.98,51.637418,348.342582
128,128,147,1,10236.85,9755.4,5,15,Football,sports-accessories,17.99,5.15,3.28,96,Unknown,36,female,17.99,0.926485,17.063515
128,128,78,5,10236.85,9755.4,5,15,Apple MacBook Pro 14 Inch Space Grey,laptops,1999.99,4.69,3.65,24,Apple,36,female,9999.95,468.99765500000007,9530.952345000002
128,128,4,3,10236.85,9755.4,5,15,Red Lipstick,beauty,12.99,12.16,4.36,91,Chic Cosmetics,36,female,38.97,4.738752,34.231248
128,128,173,1,10236.85,9755.4,5,15,Heshe Women's Leather Bag,womens-bags,129.99,3.87,4.92,99,Heshe,36,female,129.99,5.030613000000001,124.959387
128,128,57,5,10236.85,9755.4,5,15,Fine Mesh Strainer,kitchen-accessories,9.99,3.5,3.04,85,Unknown,36,female,49.95,1.74825,48.20175
129,129,136,4,2246.3,1878.79,6,20,Vivo X21,smartphones,499.99,17.41,4.26,7,Vivo,27,male,1999.96,348.193036,1651.766964
129,129,52,5,2246.3,1878.79,6,20,Carbon Steel Wok,kitchen-accessories,29.99,6.53,4.05,40,Unknown,27,male,149.95,9.791735,140.158265
129,129,21,1,2246.3,1878.79,6,20,Cucumber,groceries,1.49,0.16,4.07,84,Unknown,27,male,1.49,0.002384,1.487616
129,129,162,1,2246.3,1878.79,6,20,Blue Frock,tops,29.99,12.13,4.17,52,Unknown,27,male,29.99,3.637787,26.352213
129,129,18,5,2246.3,1878.79,6,20,Cat Food,groceries,8.99,9.58,3.13,46,Unknown,27,male,44.95,4.30621,40.64379
129,129,59,4,2246.3,1878.79,6,20,Glass,kitchen-accessories,4.99,7.92,4.02,46,Unknown,27,male,19.96,1.580832,18.379168
130,130,65,2,30625.95,29328.26,3,5,Lunch Box,kitchen-accessories,12.99,10.34,4.93,94,Unknown,42,female,25.98,2.686332,23.293668
130,130,15,2,30625.95,29328.26,3,5,Wooden Bathroom Sink With Mirror,furniture,799.99,8.8,3.59,7,Bath Trends,42,female,1599.98,140.79824,1459.18176
130,130,167,1,30625.95,29328.26,3,5,300 Touring,vehicle,28999.99,3.98,4.05,54,Chrysler,42,female,28999.99,1154.199602,27845.790398
131,131,93,5,3702.71,3474.09,6,19,Brown Leather Belt Watch,mens-watches,89.99,5.99,4.19,32,Fashion Timepieces,34,male,449.95,26.952005,422.997995
131,131,65,2,3702.71,3474.09,6,19,Lunch Box,kitchen-accessories,12.99,10.34,4.93,94,Unknown,34,male,25.98,2.686332,23.293668
131,131,90,2,3702.71,3474.09,6,19,Puma Future Rider Trainers,mens-shoes,89.99,4.2,4.9,90,Puma,34,male,179.98,7.559159999999999,172.42084
131,131,133,4,3702.71,3474.09,6,19,Samsung Galaxy S10,smartphones,699.99,5.59,3.06,19,Samsung,34,male,2799.96,156.517764,2643.442236
131,131,35,3,3702.71,3474.09,6,19,Potatoes,groceries,2.29,5.38,4.81,13,Unknown,34,male,6.87,0.369606,6.500394
131,131,10,3,3702.71,3474.09,6,19,Gucci Bloom Eau de,fragrances,79.99,14.39,2.74,91,Gucci,34,male,239.97,34.531683,205.438317
132,132,51,3,13411.81,11523.23,6,19,Boxed Blender,kitchen-accessories,39.99,7.26,4.56,9,Unknown,29,female,119.97,8.709821999999999,111.260178
132,132,179,1,13411.81,11523.23,6,19,Corset With Black Skirt,womens-dresses,79.99,15.06,4.52,33,Unknown,29,female,79.99,12.046494,67.943506
132,132,51,4,13411.81,11523.23,6,19,Boxed Blender,kitchen-accessories,39.99,7.26,4.56,9,Unknown,29,female,159.96,11.613096,148.346904
132,132,12,5,13411.81,11523.23,6,19,Annibale Colombo Sofa,furniture,2499.99,14.4,3.92,60,Annibale Colombo,29,female,12499.95,1799.9928,10699.9572
132,132,65,4,13411.81,11523.23,6,19,Lunch Box,kitchen-accessories,12.99,10.34,4.93,94,Unknown,29,female,51.96,5.372663999999999,46.587336
132,132,134,2,13411.81,11523.23,6,19,Vivo S1,smartphones,249.99,10.17,3.5,50,Vivo,29,female,499.98,50.84796600000001,449.132034
133,133,176,2,9559.87,8818.7,5,13,Women Handbag Black,womens-bags,59.99,11.63,2.89,11,Elegance Collection,38,male,119.98,13.953674,106.026326
133,133,176,4,9559.87,8818.7,5,13,Women Handbag Black,womens-bags,59.99,11.63,2.89,11,Elegance Collection,38,male,239.96,27.907348,212.052652
133,133,152,4,9559.87,8818.7,5,13,Tennis Racket,sports-accessories,49.99,19.61,4.03,6,Unknown,38,male,199.96,39.212156,160.747844
133,133,190,1,9559.87,8818.7,5,13,IWC Ingenieur Automatic Steel,womens-watches,4999.99,9.45,2.93,90,IWC,38,male,4999.99,472.499055,4527.490945
133,133,78,2,9559.87,8818.7,5,13,Apple MacBook Pro 14 Inch Space Grey,laptops,1999.99,4.69,3.65,24,Apple,38,male,3999.98,187.599062,3812.380938
134,134,126,3,2056.81,1740.76,6,19,Oppo F19 Pro Plus,smartphones,399.99,18.64,3.51,78,Oppo,25,female,1199.97,223.674408,976.295592
134,134,103,3,2056.81,1740.76,6,19,Apple HomePod Mini Cosmic Grey,mobile-accessories,99.99,18.1,4.62,27,Apple,25,female,299.97,54.29457,245.67543
134,134,173,3,2056.81,1740.76,6,19,Heshe Women's Leather Bag,womens-bags,129.99,3.87,4.92,99,Heshe,25,female,389.97,15.091839000000002,374.878161
134,134,183,3,2056.81,1740.76,6,19,Green Oval Earring,womens-jewellery,24.99,15.18,3.57,73,Unknown,25,female,74.97,11.380446,63.589554
134,134,104,3,2056.81,1740.76,6,19,Apple iPhone Charger,mobile-accessories,19.99,18.52,4.15,31,Apple,25,female,59.97,11.106444,48.863556
134,134,34,4,2056.81,1740.76,6,19,Nescafe Coffee,groceries,7.99,1.59,4.82,57,Unknown,25,female,31.96,0.5081640000000001,31.451836
135,135,150,2,889.87,751.73,4,13,Metal Baseball Bat,sports-accessories,29.99,19.51,4.66,16,Unknown,30,male,59.98,11.702098,48.277902
135,135,188,2,889.87,751.73,4,13,Pampi Shoes,womens-shoes,29.99,14.14,3.05,49,Pampi,30,male,59.98,8.481172,51.498828
135,135,100,5,889.87,751.73,4,13,Apple Airpods,mobile-accessories,129.99,15.54,4.15,67,Apple,30,male,649.95,101.00223,548.94777
135,135,188,4,889.87,751.73,4,13,Pampi Shoes,womens-shoes,29.99,14.14,3.05,49,Pampi,30,male,119.96,16.962344,102.997656
136,136,177,2,405.93,360.45,3,7,Black Women's Gown,womens-dresses,129.99,10.48,3.64,25,Unknown,37,female,259.98,27.245904000000007,232.734096
136,136,65,2,405.93,360.45,3,7,Lunch Box,kitchen-accessories,12.99,10.34,4.93,94,Unknown,37,female,25.98,2.686332,23.293668
136,136,166,3,405.93,360.45,3,7,Tartan Dress,tops,39.99,12.95,4.05,73,Unknown,37,female,119.97,15.536115,104.433885
137,137,43,3,12442.86,10941.81,5,14,Decoration Swing,home-decoration,59.99,10.41,3.16,47,Unknown,43,male,179.97,18.734877,161.235123
137,137,87,5,12442.86,10941.81,5,14,Men Check Shirt,mens-shirts,27.99,11.38,2.72,95,Urban Chic,43,male,139.95,15.92631,124.02369
137,137,56,2,12442.86,10941.81,5,14,Electric Stove,kitchen-accessories,49.99,14.04,4.11,21,Unknown,43,male,99.98,14.037192,85.942808
137,137,113,3,12442.86,10941.81,5,14,Generic Motorcycle,motorcycle,3999.99,12.1,4.91,34,Generic Motors,43,male,11999.97,1451.9963699999998,10547.97363
137,137,158,1,12442.86,10941.81,5,14,Sunglasses,sunglasses,22.99,1.51,3.02,27,Fashion Shades,43,male,22.99,0.347149,22.642851
138,138,117,2,15029.93,13292.05,2,7,Sportbike Motorcycle,motorcycle,7499.99,11.58,3.94,0,SpeedMaster,32,female,14999.98,1736.997684,13262.982316
138,138,146,5,15029.93,13292.05,2,7,Feather Shuttlecock,sports-accessories,5.99,2.95,2.85,95,Unknown,32,female,29.950000000000003,0.8835250000000002,29.066475000000004
139,139,62,2,36.97,36.17,2,3,Ice Cube Tray,kitchen-accessories,5.99,0.63,4.71,13,Unknown,27,male,11.98,0.075474,11.904526
139,139,139,1,36.97,36.17,2,3,Baseball Glove,sports-accessories,24.99,2.9,3.96,22,Unknown,27,male,24.99,0.7247099999999999,24.26529
140,140,87,1,643.91,614.71,3,9,Men Check Shirt,mens-shirts,27.99,11.38,2.72,95,Urban Chic,36,female,27.99,3.1852620000000003,24.804738
140,140,58,4,643.91,614.71,3,9,Fork,kitchen-accessories,3.99,8.07,3.11,7,Unknown,36,female,15.96,1.287972,14.672028
140,140,88,4,643.91,614.71,3,9,Nike Air Jordan 1 Red And Black,mens-shoes,149.99,4.12,4.77,7,Nike,36,female,599.96,24.718352000000003,575.241648
141,141,161,5,2991.36,2506.71,4,14,Samsung Galaxy Tab White,tablets,349.99,18.2,3.72,92,Samsung,44,male,1749.95,318.4909,1431.4591
141,141,35,5,2991.36,2506.71,4,14,Potatoes,groceries,2.29,5.38,4.81,13,Unknown,44,male,11.45,0.61601,10.83399
141,141,160,2,2991.36,2506.71,4,14,Samsung Galaxy Tab S8 Plus Grey,tablets,599.99,13.31,4.68,62,Samsung,44,male,1199.98,159.717338,1040.262662
141,141,110,2,2991.36,2506.71,4,14,Selfie Lamp with iPhone,mobile-accessories,14.99,19.4,3.55,58,GadgetMaster,44,male,29.98,5.81612,24.16388
142,142,159,2,2675.8,2499.07,6,20,iPad Mini 2021 Starlight,tablets,499.99,3.64,3.18,47,Apple,28,female,999.98,36.399272,963.580728
142,142,187,4,2675.8,2499.07,6,20,Golden Shoes Woman,womens-shoes,49.99,13.93,3.26,88,Fashion Diva,28,female,199.96,27.854428,172.105572
142,142,112,2,2675.8,2499.07,6,20,TV Studio Camera Pedestal,mobile-accessories,499.99,8.31,2.78,15,ProVision,28,female,999.98,83.098338,916.881662
142,142,51,5,2675.8,2499.07,6,20,Boxed Blender,kitchen-accessories,39.99,7.26,4.56,9,Unknown,28,female,199.95,14.516370000000002,185.43363
142,142,5,4,2675.8,2499.07,6,20,Red Nail Polish,beauty,8.99,11.44,4.32,79,Nail Couture,28,female,35.96,4.113824,31.846176
142,142,102,3,2675.8,2499.07,6,20,Apple Airpower Wireless Charger,mobile-accessories,79.99,4.48,3.68,1,Apple,28,female,239.97,10.750656,229.219344
143,143,149,3,17609.79,15464.38,6,21,Iron Golf,sports-accessories,49.99,6.53,4.41,90,Unknown,31,male,149.97,9.793041,140.176959
143,143,150,4,17609.79,15464.38,6,21,Metal Baseball Bat,sports-accessories,29.99,19.51,4.66,16,Unknown,31,male,119.96,23.404196,96.555804
143,143,80,5,17609.79,15464.38,6,21,Huawei Matebook X Pro,laptops,1399.99,9.38,4.98,75,Huawei,31,male,6999.95,656.59531,6343.35469
143,143,12,4,17609.79,15464.38,6,21,Annibale Colombo Sofa,furniture,2499.99,14.4,3.92,60,Annibale Colombo,31,male,9999.96,1439.99424,8559.96576
143,143,166,3,17609.79,15464.38,6,21,Tartan Dress,tops,39.99,12.95,4.05,73,Unknown,31,male,119.97,15.536115,104.433885
143,143,92,2,17609.79,15464.38,6,21,Sports Sneakers Off White Red,mens-shoes,109.99,0.04,4.69,62,Off White,31,male,219.98,0.0879919999999999,219.892008
144,144,12,1,4269.05,3608.57,5,15,Annibale Colombo Sofa,furniture,2499.99,14.4,3.92,60,Annibale Colombo,39,female,2499.99,359.99856,2139.99144
144,144,132,3,4269.05,3608.57,5,15,Samsung Galaxy S8,smartphones,499.99,19.45,4.4,0,Samsung,39,female,1499.97,291.744165,1208.225835
144,144,35,4,4269.05,3608.57,5,15,Potatoes,groceries,2.29,5.38,4.81,13,Unknown,39,female,9.16,0.4928079999999999,8.667192
144,144,71,3,4269.05,3608.57,5,15,Silver Pot With Glass Cap,kitchen-accessories,39.99,5.7,3.22,40,Unknown,39,female,119.97,6.838290000000001,113.13171
144,144,156,4,4269.05,3608.57,5,15,Green and Black Glasses,sunglasses,34.99,1.01,4.55,24,Fashion Shades,39,female,139.96,1.413596,138.546404
145,145,152,4,1153.84,1030.1,6,16,Tennis Racket,sports-accessories,49.99,19.61,4.03,6,Unknown,26,male,199.96,39.212156,160.747844
145,145,52,3,1153.84,1030.1,6,16,Carbon Steel Wok,kitchen-accessories,29.99,6.53,4.05,40,Unknown,26,male,89.97,5.875041,84.094959
145,145,129,2,1153.84,1030.1,6,16,Realme X,smartphones,299.99,6.95,3.7,12,Realme,26,male,599.98,41.69861,558.28139
145,145,146,1,1153.84,1030.1,6,16,Feather Shuttlecock,sports-accessories,5.99,2.95,2.85,95,Unknown,26,male,5.99,0.176705,5.813295
145,145,77,3,1153.84,1030.1,6,16,Yellow Peeler,kitchen-accessories,5.99,12.48,4.24,35,Unknown,26,male,17.97,2.242656,15.727344
145,145,10,3,1153.84,1030.1,6,16,Gucci Bloom Eau de,fragrances,79.99,14.39,2.74,91,Gucci,26,male,239.97,34.531683,205.438317
146,146,137,2,562.82,506.06,6,18,American Football,sports-accessories,19.99,4.93,4.91,53,Unknown,33,female,39.98,1.971014,38.008986
146,146,18,5,562.82,506.06,6,18,Cat Food,groceries,8.99,9.58,3.13,46,Unknown,33,female,44.95,4.30621,40.64379
146,146,172,4,562.82,506.06,6,18,Blue Women's Handbag,womens-bags,49.99,17.88,2.92,76,Fashionista,33,female,199.96,35.752848,164.207152
146,146,151,2,562.82,506.06,6,18,Tennis Ball,sports-accessories,6.99,11.76,4.06,28,Unknown,33,female,13.98,1.644048,12.335952
146,146,102,3,562.82,506.06,6,18,Apple Airpower Wireless Charger,mobile-accessories,79.99,4.48,3.68,1,Apple,33,female,239.97,10.750656,229.219344
146,146,76,2,562.82,506.06,6,18,Wooden Rolling Pin,kitchen-accessories,11.99,9.75,2.92,80,Unknown,33,female,23.98,2.33805,21.64195
147,147,42,3,2102.83,1898.14,5,17,Water,groceries,0.99,14.92,4.96,53,Unknown,45,male,2.97,0.4431239999999999,2.526876
147,147,122,1,2102.83,1898.14,5,17,iPhone 6,smartphones,299.99,6.69,3.41,60,Apple,45,male,299.99,20.069331,279.92066900000003
147,147,129,3,2102.83,1898.14,5,17,Realme X,smartphones,299.99,6.95,3.7,12,Realme,45,male,899.97,62.547915,837.422085
147,147,7,5,2102.83,1898.14,5,17,Chanel Coco Noir Eau De,fragrances,129.99,16.51,4.26,58,Chanel,45,male,649.95,107.306745,542.6432550000001
147,147,107,5,2102.83,1898.14,5,17,Beats Flex Wireless Earphones,mobile-accessories,49.99,5.73,4.24,50,Beats,45,male,249.95,14.322135000000005,235.627865
148,148,32,2,71.93,58.55,2,7,Milk,groceries,3.49,13.74,2.61,27,Unknown,30,female,6.98,0.959052,6.020948000000001
148,148,111,5,71.93,58.55,2,7,Selfie Stick Monopod,mobile-accessories,12.99,19.12,3.88,11,SnapTech,30,female,64.95,12.41844,52.53156
149,149,117,5,39227.33,34702.26,4,17,Sportbike Motorcycle,motorcycle,7499.99,11.58,3.94,0,SpeedMaster,35,male,37499.95,4342.49421,33157.45579
149,149,101,2,39227.33,34702.26,4,17,Apple AirPods Max Silver,mobile-accessories,549.99,13.67,3.47,59,Apple,35,male,1099.98,150.367266,949.612734
149,149,91,5,39227.33,34702.26,4,17,Sports Sneakers Off White & Red,mens-shoes,119.99,4.97,4.77,17,Off White,35,male,599.9499999999999,29.817514999999997,570.132485
149,149,28,5,39227.33,34702.26,4,17,Ice Cream,groceries,5.49,8.69,3.39,27,Unknown,35,male,27.450000000000003,2.385405,25.064595000000004
150,150,153,1,1029.42,989.15,3,8,Volleyball,sports-accessories,11.99,12.25,3.84,0,Unknown,40,female,11.99,1.468775,10.521225
150,150,32,5,1029.42,989.15,3,8,Milk,groceries,3.49,13.74,2.61,27,Unknown,40,female,17.450000000000003,2.3976300000000004,15.052370000000003
150,150,159,2,1029.42,989.15,3,8,iPad Mini 2021 Starlight,tablets,499.99,3.64,3.18,47,Apple,40,female,999.98,36.399272,963.580728
151,151,38,2,247.85,222.39,5,15,Rice,groceries,5.99,9.29,3.18,59,Unknown,29,male,11.98,1.112942,10.867058
151,151,2,3,247.85,222.39,5,15,Eyeshadow Palette with Mirror,beauty,19.99,18.19,2.86,34,Glamour Beauty,29,male,59.97,10.908543,49.061457
151,151,21,4,247.85,222.39,5,15,Cucumber,groceries,1.49,0.16,4.07,84,Unknown,29,male,5.96,0.009536,5.950464
151,151,52,5,247.85,222.39,5,15,Carbon Steel Wok,kitchen-accessories,29.99,6.53,4.05,40,Unknown,29,male,149.95,9.791735,140.158265
151,151,2,1,247.85,222.39,5,15,Eyeshadow Palette with Mirror,beauty,19.99,18.19,2.86,34,Glamour Beauty,29,male,19.99,3.636181,16.353818999999998
152,152,108,4,4119.91,3369.71,2,9,iPhone 12 Silicone Case with MagSafe Plum,mobile-accessories,29.99,13.85,3.62,69,Apple,44,female,119.96,16.614459999999998,103.34554
152,152,193,5,4119.91,3369.71,2,9,Watch Gold for Women,womens-watches,799.99,18.34,4.24,0,Fashion Gold,44,female,3999.95,733.59083,3266.35917
153,153,7,2,4309.85,3678.46,6,15,Chanel Coco Noir Eau De,fragrances,129.99,16.51,4.26,58,Chanel,32,male,259.98,42.92269800000001,217.057302
153,153,120,3,4309.85,3678.46,6,15,Vaseline Men Body and Face Lotion,skin-care,9.99,13.39,3.16,95,Vaseline,32,male,29.97,4.012983,25.957017
153,153,110,1,4309.85,3678.46,6,15,Selfie Lamp with iPhone,mobile-accessories,14.99,19.4,3.55,58,GadgetMaster,32,male,14.99,2.90806,12.08194
153,153,136,5,4309.85,3678.46,6,15,Vivo X21,smartphones,499.99,17.41,4.26,7,Vivo,32,male,2499.95,435.241295,2064.708705
153,153,80,1,4309.85,3678.46,6,15,Huawei Matebook X Pro,laptops,1399.99,9.38,4.98,75,Huawei,32,male,1399.99,131.319062,1268.670938
153,153,164,3,4309.85,3678.46,6,15,Gray Dress,tops,34.99,14.28,2.72,55,Unknown,32,male,104.97,14.989715999999998,89.980284
154,154,29,1,573.92,532.54,3,8,Juice,groceries,3.99,12.06,3.94,50,Unknown,27,female,3.99,0.481194,3.5088060000000003
154,154,93,5,573.92,532.54,3,8,Brown Leather Belt Watch,mens-watches,89.99,5.99,4.19,32,Fashion Timepieces,27,female,449.95,26.952005,422.997995
154,154,176,2,573.92,532.54,3,8,Women Handbag Black,womens-bags,59.99,11.63,2.89,11,Elegance Collection,27,female,119.98,13.953674,106.026326
155,155,113,5,131224.81,110543.89,5,19,Generic Motorcycle,motorcycle,3999.99,12.1,4.91,34,Generic Motors,42,male,19999.95,2419.99395,17579.956049999997
155,155,74,5,131224.81,110543.89,5,19,Spoon,kitchen-accessories,4.99,1.53,4.03,59,Unknown,42,male,24.950000000000003,0.381735,24.568265000000004
155,155,71,4,131224.81,110543.89,5,19,Silver Pot With Glass Cap,kitchen-accessories,39.99,5.7,3.22,40,Unknown,42,male,159.96,9.11772,150.84228000000002
155,155,170,3,131224.81,110543.89,5,19,Durango SXT RWD,vehicle,36999.99,16.44,4.07,95,Dodge,42,male,110999.97,18248.395068,92751.574932
155,155,36,2,131224.81,110543.89,5,19,Protein Powder,groceries,19.99,7.59,4.18,80,Unknown,42,male,39.98,3.034482,36.945518
156,156,67,4,2643.86,2422.79,3,14,Mug Tree Stand,kitchen-accessories,15.99,9.25,2.64,88,Unknown,34,female,63.96,5.9163,58.0437
156,156,112,5,2643.86,2422.79,3,14,TV Studio Camera Pedestal,mobile-accessories,499.99,8.31,2.78,15,ProVision,34,female,2499.95,207.745845,2292.204155
156,156,67,5,2643.86,2422.79,3,14,Mug Tree Stand,kitchen-accessories,15.99,9.25,2.64,88,Unknown,34,female,79.95,7.395375,72.554625
157,157,74,1,6.98,6.65,2,2,Spoon,kitchen-accessories,4.99,1.53,4.03,59,Unknown,28,male,4.99,0.076347,4.913653
157,157,16,1,6.98,6.65,2,2,Apple,groceries,1.99,12.62,4.19,8,Unknown,28,male,1.99,0.251138,1.738862
158,158,13,1,1169.89,1079.68,5,11,Bedside Table African Cherry,furniture,299.99,19.09,2.87,64,Furniture Co.,37,female,299.99,57.268091000000005,242.721909
158,158,44,1,1169.89,1079.68,5,11,Family Tree Photo Frame,home-decoration,29.99,14.87,4.53,77,Unknown,37,female,29.99,4.459512999999999,25.530487
158,158,6,5,1169.89,1079.68,5,11,Calvin Klein CK One,fragrances,49.99,1.89,4.37,29,Calvin Klein,37,female,249.95,4.724055,245.225945
158,158,14,1,1169.89,1079.68,5,11,Knoll Saarinen Executive Conference Chair,furniture,499.99,2.01,4.88,26,Knoll,37,female,499.99,10.049799,489.940201
158,158,182,3,1169.89,1079.68,5,11,Green Crystal Earring,womens-jewellery,29.99,15.24,3.96,54,Unknown,37,female,89.97,13.711428000000002,76.258572
159,159,68,5,451.84,396.92,6,16,Pan,kitchen-accessories,24.99,3.0,2.79,90,Unknown,31,male,124.95,3.7485,121.2015
159,159,105,1,451.84,396.92,6,16,Apple MagSafe Battery Pack,mobile-accessories,99.99,17.17,3.62,1,Apple,31,male,99.99,17.168283000000002,82.82171699999999
159,159,164,3,451.84,396.92,6,16,Gray Dress,tops,34.99,14.28,2.72,55,Unknown,31,male,104.97,14.989715999999998,89.980284
159,159,119,4,451.84,396.92,6,16,Olay Ultra Moisture Shea Butter Body Wash,skin-care,12.99,16.39,4.51,34,Olay,31,male,51.96,8.516244,43.443756
159,159,148,2,451.84,396.92,6,16,Golf Ball,sports-accessories,9.99,17.37,4.3,84,Unknown,31,male,19.98,3.4705260000000004,16.509474
159,159,56,1,451.84,396.92,6,16,Electric Stove,kitchen-accessories,49.99,14.04,4.11,21,Unknown,31,male,49.99,7.018596,42.971404
160,160,66,1,164.96,142.66,2,4,Microwave Oven,kitchen-accessories,89.99,12.13,4.82,59,Unknown,30,female,89.99,10.915787,79.074213
160,160,183,3,164.96,142.66,2,4,Green Oval Earring,womens-jewellery,24.99,15.18,3.57,73,Unknown,30,female,74.97,11.380446,63.589554
161,161,172,5,2339.82,2168.95,5,18,Blue Women's Handbag,womens-bags,49.99,17.88,2.92,76,Fashionista,45,male,249.95,44.69106,205.25894
161,161,156,4,2339.82,2168.95,5,18,Green and Black Glasses,sunglasses,34.99,1.01,4.55,24,Fashion Shades,45,male,139.96,1.413596,138.546404
161,161,159,3,2339.82,2168.95,5,18,iPad Mini 2021 Starlight,tablets,499.99,3.64,3.18,47,Apple,45,male,1499.97,54.598908,1445.371092
161,161,105,4,2339.82,2168.95,5,18,Apple MagSafe Battery Pack,mobile-accessories,99.99,17.17,3.62,1,Apple,45,male,399.96,68.67313200000001,331.286868
161,161,68,2,2339.82,2168.95,5,18,Pan,kitchen-accessories,24.99,3.0,2.79,90,Unknown,45,male,49.98,1.4994,48.4806
162,162,151,4,3236.87,2982.32,4,13,Tennis Ball,sports-accessories,6.99,11.76,4.06,28,Unknown,29,male,27.96,3.288096,24.671904
162,162,118,1,3236.87,2982.32,4,13,Attitude Super Leaves Hand Soap,skin-care,8.99,18.49,3.19,94,Attitude,29,male,8.99,1.662251,7.327749000000001
162,162,112,4,3236.87,2982.32,4,13,TV Studio Camera Pedestal,mobile-accessories,499.99,8.31,2.78,15,ProVision,29,male,1999.96,166.196676,1833.763324
162,162,129,4,3236.87,2982.32,4,13,Realme X,smartphones,299.99,6.95,3.7,12,Realme,29,male,1199.96,83.39722,1116.56278
163,163,51,2,1494.86,1248.15,5,14,Boxed Blender,kitchen-accessories,39.99,7.26,4.56,9,Unknown,25,male,79.98,5.806548,74.173452
163,163,33,3,1494.86,1248.15,5,14,Mulberry,groceries,4.99,12.87,4.95,99,Unknown,25,male,14.97,1.926639,13.043361
163,163,13,3,1494.86,1248.15,5,14,Bedside Table African Cherry,furniture,299.99,19.09,2.87,64,Furniture Co.,25,male,899.97,171.804273,728.1657270000001
163,163,8,5,1494.86,1248.15,5,14,Dior J'adore,fragrances,89.99,14.72,3.8,98,Dior,25,male,449.95,66.23264,383.71736
163,163,6,1,1494.86,1248.15,5,14,Calvin Klein CK One,fragrances,49.99,1.89,4.37,29,Calvin Klein,25,male,49.99,0.944811,49.045189
164,164,27,4,227.88,195.93,3,12,Honey Jar,groceries,6.99,14.4,3.97,34,Unknown,30,female,27.96,4.0262400000000005,23.93376
164,164,61,4,227.88,195.93,3,12,Hand Blender,kitchen-accessories,34.99,17.02,3.86,84,Unknown,30,female,139.96,23.821192,116.138808
164,164,46,4,227.88,195.93,3,12,Plant Pot,home-decoration,14.99,6.84,3.01,59,Unknown,30,female,59.96,4.101264,55.858736
165,165,46,1,20196.86,17751.61,6,14,Plant Pot,home-decoration,14.99,6.84,3.01,59,Unknown,37,male,14.99,1.025316,13.964684
165,165,109,2,20196.86,17751.61,6,14,Monopod,mobile-accessories,19.99,8.58,4.43,48,TechGear,37,male,39.98,3.430284,36.549716
165,165,76,1,20196.86,17751.61,6,14,Wooden Rolling Pin,kitchen-accessories,11.99,9.75,2.92,80,Unknown,37,male,11.99,1.169025,10.820975
165,165,189,2,20196.86,17751.61,6,14,Red Shoes,womens-shoes,34.99,17.69,3.25,7,Fashion Express,37,male,69.98,12.379462,57.600538
165,165,73,3,20196.86,17751.61,6,14,Spice Rack,kitchen-accessories,19.99,12.09,4.87,79,Unknown,37,male,59.97,7.250373,52.719627
165,165,113,5,20196.86,17751.61,6,14,Generic Motorcycle,motorcycle,3999.99,12.1,4.91,34,Generic Motors,37,male,19999.95,2419.99395,17579.956049999997
166,166,175,2,129.97,108.97,2,3,White Faux Leather Backpack,womens-bags,39.99,15.2,3.36,39,Urban Chic,43,female,79.98,12.15696,67.82304
166,166,180,1,129.97,108.97,2,3,Dress Pea,womens-dresses,49.99,17.68,4.88,6,Unknown,43,female,49.99,8.838232,41.151768
167,167,191,3,48201.41,46202.72,3,9,Rolex Cellini Moonphase,womens-watches,15999.99,4.11,3.83,52,Rolex,32,male,47999.97,1972.798767,46027.171233
167,167,21,1,48201.41,46202.72,3,9,Cucumber,groceries,1.49,0.16,4.07,84,Unknown,32,male,1.49,0.002384,1.487616
167,167,166,5,48201.41,46202.72,3,9,Tartan Dress,tops,39.99,12.95,4.05,73,Unknown,32,male,199.95,25.893525,174.056475
168,168,52,2,99.94,91.93,2,6,Carbon Steel Wok,kitchen-accessories,29.99,6.53,4.05,40,Unknown,27,female,59.98,3.916694,56.063306
168,168,50,4,99.94,91.93,2,6,Black Whisk,kitchen-accessories,9.99,10.24,3.9,73,Unknown,27,female,39.96,4.091904,35.868096
169,169,193,1,36799.95,33456.43,2,5,Watch Gold for Women,womens-watches,799.99,18.34,4.24,0,Fashion Gold,42,male,799.99,146.718166,653.271834
169,169,95,4,36799.95,33456.43,2,5,Rolex Cellini Date Black Dial,mens-watches,8999.99,8.88,4.97,40,Rolex,42,male,35999.96,3196.796448,32803.163552
170,170,8,1,1829.86,1512.89,5,14,Dior J'adore,fragrances,89.99,14.72,3.8,98,Dior,34,female,89.99,13.246528,76.743472
170,170,126,4,1829.86,1512.89,5,14,Oppo F19 Pro Plus,smartphones,399.99,18.64,3.51,78,Oppo,34,female,1599.96,298.232544,1301.727456
170,170,59,5,1829.86,1512.89,5,14,Glass,kitchen-accessories,4.99,7.92,4.02,46,Unknown,34,female,24.950000000000003,1.97604,22.97396
170,170,9,1,1829.86,1512.89,5,14,Dolce Shine Eau de,fragrances,69.99,0.62,3.96,4,Dolce & Gabbana,34,female,69.99,0.433938,69.556062
170,170,46,3,1829.86,1512.89,5,14,Plant Pot,home-decoration,14.99,6.84,3.01,59,Unknown,34,female,44.97,3.0759479999999995,41.894052
171,171,166,5,219.94,191.81,2,6,Tartan Dress,tops,39.99,12.95,4.05,73,Unknown,28,male,199.95,25.893525,174.056475
171,171,157,1,219.94,191.81,2,6,Party Glasses,sunglasses,19.99,11.22,2.79,86,Fashion Fun,28,male,19.99,2.242878,17.747121999999997
172,172,24,5,574.89,495.78,4,11,Fish Steak,groceries,14.99,4.23,3.78,74,Unknown,37,female,74.95,3.1703850000000005,71.779615
172,172,1,2,574.89,495.78,4,11,Essence Mascara Lash Princess,beauty,9.99,10.48,2.56,99,Essence,37,female,19.98,2.093904,17.886096000000002
172,172,8,1,574.89,495.78,4,11,Dior J'adore,fragrances,89.99,14.72,3.8,98,Dior,37,female,89.99,13.246528,76.743472
172,172,100,3,574.89,495.78,4,11,Apple Airpods,mobile-accessories,129.99,15.54,4.15,67,Apple,37,female,389.97,60.601338000000005,329.36866200000003
173,173,191,1,17785.88,16911.51,4,12,Rolex Cellini Moonphase,womens-watches,15999.99,4.11,3.83,52,Rolex,31,male,15999.99,657.5995889999999,15342.390411
173,173,106,5,17785.88,16911.51,4,12,Apple Watch Series 4 Gold,mobile-accessories,349.99,12.02,2.74,33,Apple,31,male,1749.95,210.34399,1539.60601
173,173,63,4,17785.88,16911.51,4,12,Kitchen Sieve,kitchen-accessories,7.99,18.91,3.09,68,Unknown,31,male,31.96,6.043636,25.916364
173,173,37,2,17785.88,16911.51,4,12,Red Onions,groceries,1.99,9.9,4.2,82,Unknown,31,male,3.98,0.39402,3.58598
174,174,158,4,752.77,701.39,6,23,Sunglasses,sunglasses,22.99,1.51,3.02,27,Fashion Shades,30,female,91.96,1.388596,90.571404
174,174,90,5,752.77,701.39,6,23,Puma Future Rider Trainers,mens-shoes,89.99,4.2,4.9,90,Puma,30,female,449.95,18.8979,431.0521
174,174,54,4,752.77,701.39,6,23,Citrus Squeezer Yellow,kitchen-accessories,8.99,12.1,4.63,22,Unknown,30,female,35.96,4.35116,31.60884
174,174,27,3,752.77,701.39,6,23,Honey Jar,groceries,6.99,14.4,3.97,34,Unknown,30,female,20.97,3.01968,17.950319999999998
174,174,83,5,752.77,701.39,6,23,Blue & Black Check Shirt,mens-shirts,29.99,15.35,3.64,38,Fashion Trends,30,female,149.95,23.017325,126.932675
174,174,39,2,752.77,701.39,6,23,Soft Drinks,groceries,1.99,17.48,4.75,53,Unknown,30,female,3.98,0.6957040000000001,3.284296
175,175,128,1,349.97,302.88,2,3,Realme C35,smartphones,149.99,15.3,4.2,48,Realme,45,male,149.99,22.94847,127.04153
175,175,99,2,349.97,302.88,2,3,Amazon Echo Plus,mobile-accessories,99.99,12.07,4.99,61,Amazon,45,male,199.98,24.137586,175.842414
176,176,152,5,269.93,218.17,2,7,Tennis Racket,sports-accessories,49.99,19.61,4.03,6,Unknown,29,female,249.95,49.015195000000006,200.934805
176,176,19,2,269.93,218.17,2,7,Chicken Meat,groceries,9.99,13.7,3.19,97,Unknown,29,female,19.98,2.73726,17.24274
177,177,179,5,2399.91,2299.48,2,9,Corset With Black Skirt,womens-dresses,79.99,15.06,4.52,33,Unknown,38,male,399.95,60.232470000000006,339.71753
177,177,14,4,2399.91,2299.48,2,9,Knoll Saarinen Executive Conference Chair,furniture,499.99,2.01,4.88,26,Knoll,38,male,1999.96,40.199196,1959.760804
178,178,4,2,6785.79,5846.4,6,21,Red Lipstick,beauty,12.99,12.16,4.36,91,Chic Cosmetics,26,female,25.98,3.159168,22.820832
178,178,43,4,6785.79,5846.4,6,21,Decoration Swing,home-decoration,59.99,10.41,3.16,47,Unknown,26,female,239.96,24.979836,214.980164
178,178,93,3,6785.79,5846.4,6,21,Brown Leather Belt Watch,mens-watches,89.99,5.99,4.19,32,Fashion Timepieces,26,female,269.97,16.171203,253.798797
178,178,128,5,6785.79,5846.4,6,21,Realme C35,smartphones,149.99,15.3,4.2,48,Realme,26,female,749.95,114.74235,635.2076500000001
178,178,99,5,6785.79,5846.4,6,21,Amazon Echo Plus,mobile-accessories,99.99,12.07,4.99,61,Amazon,26,female,499.95,60.343965,439.606035
178,178,12,2,6785.79,5846.4,6,21,Annibale Colombo Sofa,furniture,2499.99,14.4,3.92,60,Annibale Colombo,26,female,4999.98,719.99712,4279.98288
179,179,100,2,27567.34,25098.32,6,16,Apple Airpods,mobile-accessories,129.99,15.54,4.15,67,Apple,43,male,259.98,40.400892,219.579108
179,179,83,4,27567.34,25098.32,6,16,Blue & Black Check Shirt,mens-shirts,29.99,15.35,3.64,38,Fashion Trends,43,male,119.96,18.41386,101.54614
179,179,95,3,27567.34,25098.32,6,16,Rolex Cellini Date Black Dial,mens-watches,8999.99,8.88,4.97,40,Rolex,43,male,26999.97,2397.5973360000003,24602.372664
179,179,32,3,27567.34,25098.32,6,16,Milk,groceries,3.49,13.74,2.61,27,Unknown,43,male,10.47,1.438578,9.031422
179,179,118,3,27567.34,25098.32,6,16,Attitude Super Leaves Hand Soap,skin-care,8.99,18.49,3.19,94,Attitude,43,male,26.97,4.986752999999999,21.983247
179,179,88,1,27567.34,25098.32,6,16,Nike Air Jordan 1 Red And Black,mens-shoes,149.99,4.12,4.77,7,Nike,43,male,149.99,6.179588000000001,143.810412
180,180,26,2,6.97,6.87,2,3,Green Chili Pepper,groceries,0.99,1.0,3.66,3,Unknown,32,female,1.98,0.0197999999999999,1.9602
180,180,74,1,6.97,6.87,2,3,Spoon,kitchen-accessories,4.99,1.53,4.03,59,Unknown,32,female,4.99,0.076347,4.913653
181,181,105,2,4707.94,4138.32,3,6,Apple MagSafe Battery Pack,mobile-accessories,99.99,17.17,3.62,1,Apple,27,male,199.98,34.336566000000005,165.64343399999998
181,181,48,1,4707.94,4138.32,3,6,Bamboo Spatula,kitchen-accessories,7.99,2.84,3.27,37,Unknown,27,male,7.99,0.226916,7.763084
181,181,82,3,4707.94,4138.32,3,6,New DELL XPS 13 9300 Laptop,laptops,1499.99,11.89,2.67,74,Dell,27,male,4499.97,535.046433,3964.923567
182,182,69,3,3411.8,3195.45,6,20,Plate,kitchen-accessories,3.99,7.31,3.65,66,Unknown,42,female,11.97,0.875007,11.094993
182,182,176,2,3411.8,3195.45,6,20,Women Handbag Black,womens-bags,59.99,11.63,2.89,11,Elegance Collection,42,female,119.98,13.953674,106.026326
182,182,67,5,3411.8,3195.45,6,20,Mug Tree Stand,kitchen-accessories,15.99,9.25,2.64,88,Unknown,42,female,79.95,7.395375,72.554625
182,182,133,3,3411.8,3195.45,6,20,Samsung Galaxy S10,smartphones,699.99,5.59,3.06,19,Samsung,42,female,2099.9700000000003,117.388323,1982.581677
182,182,47,4,3411.8,3195.45,6,20,Table Lamp,home-decoration,49.99,7.09,3.55,9,Unknown,42,female,199.96,14.177164,185.782836
182,182,129,3,3411.8,3195.45,6,20,Realme X,smartphones,299.99,6.95,3.7,12,Realme,42,female,899.97,62.547915,837.422085
183,183,63,5,62954.84,59760.67,5,16,Kitchen Sieve,kitchen-accessories,7.99,18.91,3.09,68,Unknown,34,male,39.95,7.554545000000001,32.395455
183,183,64,1,62954.84,59760.67,5,16,Knife,kitchen-accessories,14.99,18.86,3.26,7,Unknown,34,male,14.99,2.827114,12.162886
183,183,136,5,62954.84,59760.67,5,16,Vivo X21,smartphones,499.99,17.41,4.26,7,Vivo,34,male,2499.95,435.241295,2064.708705
183,183,193,3,62954.84,59760.67,5,16,Watch Gold for Women,womens-watches,799.99,18.34,4.24,0,Fashion Gold,34,male,2399.9700000000003,440.1544980000001,1959.815502
183,183,167,2,62954.84,59760.67,5,16,300 Touring,vehicle,28999.99,3.98,4.05,54,Chrysler,34,male,57999.98,2308.399204,55691.580796
184,184,98,1,14015.98,13307.5,2,2,Rolex Submariner Watch,mens-watches,13999.99,5.05,2.69,55,Rolex,29,female,13999.99,706.999495,13292.990505
184,184,67,1,14015.98,13307.5,2,2,Mug Tree Stand,kitchen-accessories,15.99,9.25,2.64,88,Unknown,29,female,15.99,1.479075,14.510925
185,185,33,1,1404.95,1243.17,2,5,Mulberry,groceries,4.99,12.87,4.95,99,Unknown,45,male,4.99,0.642213,4.347787
185,185,130,4,1404.95,1243.17,2,5,Realme XT,smartphones,349.99,11.51,4.58,80,Realme,45,male,1399.96,161.135396,1238.824604
186,186,92,3,364.92,359.72,2,8,Sports Sneakers Off White Red,mens-shoes,109.99,0.04,4.69,62,Off White,30,female,329.97,0.131988,329.838012
186,186,70,5,364.92,359.72,2,8,Red Tongs,kitchen-accessories,6.99,14.52,4.42,82,Unknown,30,female,34.95,5.07474,29.875260000000004
187,187,12,4,10844.88,9255.33,4,12,Annibale Colombo Sofa,furniture,2499.99,14.4,3.92,60,Annibale Colombo,37,male,9999.96,1439.99424,8559.96576
187,187,119,5,10844.88,9255.33,4,12,Olay Ultra Moisture Shea Butter Body Wash,skin-care,12.99,16.39,4.51,34,Olay,37,male,64.95,10.645305,54.304695
187,187,161,2,10844.88,9255.33,4,12,Samsung Galaxy Tab White,tablets,349.99,18.2,3.72,92,Samsung,37,male,699.98,127.39636,572.5836400000001
187,187,10,1,10844.88,9255.33,4,12,Gucci Bloom Eau de,fragrances,79.99,14.39,2.74,91,Gucci,37,male,79.99,11.510561,68.479439
188,188,184,5,184.92,171.55,4,8,Tropical Earring,womens-jewellery,19.99,0.76,4.4,1,Unknown,26,female,99.95,0.7596199999999999,99.19038
188,188,166,1,184.92,171.55,4,8,Tartan Dress,tops,39.99,12.95,4.05,73,Unknown,26,female,39.99,5.178705,34.811295
188,188,2,1,184.92,171.55,4,8,Eyeshadow Palette with Mirror,beauty,19.99,18.19,2.86,34,Glamour Beauty,26,female,19.99,3.636181,16.353818999999998
188,188,183,1,184.92,171.55,4,8,Green Oval Earring,womens-jewellery,24.99,15.18,3.57,73,Unknown,26,female,24.99,3.793482,21.196518
189,189,122,3,1289.92,1172.57,3,8,iPhone 6,smartphones,299.99,6.69,3.41,60,Apple,31,male,899.97,60.20799300000001,839.762007
189,189,8,4,1289.92,1172.57,3,8,Dior J'adore,fragrances,89.99,14.72,3.8,98,Dior,31,male,359.96,52.986112000000006,306.973888
189,189,108,1,1289.92,1172.57,3,8,iPhone 12 Silicone Case with MagSafe Plum,mobile-accessories,29.99,13.85,3.62,69,Apple,31,male,29.99,4.153614999999999,25.836385
190,190,157,4,56079.92,53242.95,2,8,Party Glasses,sunglasses,19.99,11.22,2.79,86,Fashion Fun,32,female,79.96,8.971512,70.98848799999999
190,190,98,4,56079.92,53242.95,2,8,Rolex Submariner Watch,mens-watches,13999.99,5.05,2.69,55,Rolex,32,female,55999.96,2827.99798,53171.96202
191,191,7,3,43489.89,36399.0,5,11,Chanel Coco Noir Eau De,fragrances,129.99,16.51,4.26,58,Chanel,42,female,389.97,64.38404700000001,325.585953
191,191,45,2,43489.89,36399.0,5,11,House Showpiece Plant,home-decoration,39.99,7.46,4.67,28,Unknown,42,female,79.98,5.966508,74.013492
191,191,96,3,43489.89,36399.0,5,11,Rolex Cellini Moonphase,mens-watches,12999.99,17.52,2.58,36,Rolex,42,female,38999.97,6832.794744,32167.175256
191,191,184,1,43489.89,36399.0,5,11,Tropical Earring,womens-jewellery,19.99,0.76,4.4,1,Unknown,42,female,19.99,0.151924,19.838076
191,191,78,2,43489.89,36399.0,5,11,Apple MacBook Pro 14 Inch Space Grey,laptops,1999.99,4.69,3.65,24,Apple,42,female,3999.98,187.599062,3812.380938
192,192,98,5,70627.3,67061.66,5,20,Rolex Submariner Watch,mens-watches,13999.99,5.05,2.69,55,Rolex,34,male,69999.95,3534.997475,66464.952525
192,192,92,3,70627.3,67061.66,5,20,Sports Sneakers Off White Red,mens-shoes,109.99,0.04,4.69,62,Off White,34,male,329.97,0.131988,329.838012
192,192,28,5,70627.3,67061.66,5,20,Ice Cream,groceries,5.49,8.69,3.39,27,Unknown,34,male,27.450000000000003,2.385405,25.064595000000004
192,192,1,3,70627.3,67061.66,5,20,Essence Mascara Lash Princess,beauty,9.99,10.48,2.56,99,Essence,34,male,29.97,3.140856,26.829144
192,192,43,4,70627.3,67061.66,5,20,Decoration Swing,home-decoration,59.99,10.41,3.16,47,Unknown,34,male,239.96,24.979836,214.980164
193,193,26,5,655.8,565.46,6,20,Green Chili Pepper,groceries,0.99,1.0,3.66,3,Unknown,29,female,4.95,0.0495,4.9005
193,193,100,4,655.8,565.46,6,20,Apple Airpods,mobile-accessories,129.99,15.54,4.15,67,Apple,29,female,519.96,80.801784,439.158216
193,193,138,4,655.8,565.46,6,20,Baseball Ball,sports-accessories,8.99,1.71,2.57,100,Unknown,29,female,35.96,0.614916,35.345084
193,193,2,1,655.8,565.46,6,20,Eyeshadow Palette with Mirror,beauty,19.99,18.19,2.86,34,Glamour Beauty,29,female,19.99,3.636181,16.353818999999998
193,193,149,1,655.8,565.46,6,20,Iron Golf,sports-accessories,49.99,6.53,4.41,90,Unknown,29,female,49.99,3.2643470000000003,46.725653
193,193,59,5,655.8,565.46,6,20,Glass,kitchen-accessories,4.99,7.92,4.02,46,Unknown,29,female,24.950000000000003,1.97604,22.97396
194,194,111,3,87090.9,83615.86,3,10,Selfie Stick Monopod,mobile-accessories,12.99,19.12,3.88,11,SnapTech,46,male,38.97,7.451064,31.518936
194,194,167,3,87090.9,83615.86,3,10,300 Touring,vehicle,28999.99,3.98,4.05,54,Chrysler,46,male,86999.97,3462.598806,83537.371194
194,194,17,4,87090.9,83615.86,3,10,Beef Steak,groceries,12.99,9.61,4.47,86,Unknown,46,male,51.96,4.993356,46.966644
195,195,103,4,44661.82,37543.81,6,18,Apple HomePod Mini Cosmic Grey,mobile-accessories,99.99,18.1,4.62,27,Apple,30,female,399.96,72.39276,327.56724
195,195,100,1,44661.82,37543.81,6,18,Apple Airpods,mobile-accessories,129.99,15.54,4.15,67,Apple,30,female,129.99,20.200446,109.789554
195,195,192,4,44661.82,37543.81,6,18,Rolex Datejust Women,womens-watches,10999.99,15.94,2.86,4,Rolex,30,female,43999.96,7013.593624,36986.366376
195,195,43,1,44661.82,37543.81,6,18,Decoration Swing,home-decoration,59.99,10.41,3.16,47,Unknown,30,female,59.99,6.244959,53.745041
195,195,60,4,44661.82,37543.81,6,18,Grater Black,kitchen-accessories,10.99,3.56,3.21,84,Unknown,30,female,43.96,1.564976,42.395024
195,195,27,4,44661.82,37543.81,6,18,Honey Jar,groceries,6.99,14.4,3.97,34,Unknown,30,female,27.96,4.0262400000000005,23.93376
196,196,185,2,75209.82,70006.8,5,18,Black & Brown Slipper,womens-shoes,19.99,3.33,2.53,3,Comfort Trends,35,male,39.98,1.331334,38.648666
196,196,1,5,75209.82,70006.8,5,18,Essence Mascara Lash Princess,beauty,9.99,10.48,2.56,99,Essence,35,male,49.95,5.23476,44.71524
196,196,52,2,75209.82,70006.8,5,18,Carbon Steel Wok,kitchen-accessories,29.99,6.53,4.05,40,Unknown,35,male,59.98,3.916694,56.063306
196,196,24,4,75209.82,70006.8,5,18,Fish Steak,groceries,14.99,4.23,3.78,74,Unknown,35,male,59.96,2.536308,57.423692
196,196,115,5,75209.82,70006.8,5,18,MotoGP CI.H1,motorcycle,14999.99,6.92,2.97,10,MotoGP,35,male,74999.95,5189.99654,69809.95345999999
197,197,18,4,58063.93,55748.9,3,7,Cat Food,groceries,8.99,9.58,3.13,46,Unknown,38,female,35.96,3.4449680000000003,32.515032
197,197,167,2,58063.93,55748.9,3,7,300 Touring,vehicle,28999.99,3.98,4.05,54,Chrysler,38,female,57999.98,2308.399204,55691.580796
197,197,87,1,58063.93,55748.9,3,7,Men Check Shirt,mens-shirts,27.99,11.38,2.72,95,Urban Chic,38,female,27.99,3.1852620000000003,24.804738
198,198,39,3,100565.86,92308.32,4,14,Soft Drinks,groceries,1.99,17.48,4.75,53,Unknown,33,male,5.97,1.043556,4.926444
198,198,36,3,100565.86,92308.32,4,14,Protein Powder,groceries,19.99,7.59,4.18,80,Unknown,33,male,59.97,4.551723,55.418277
198,198,168,3,100565.86,92308.32,4,14,Charger SXT RWD,vehicle,32999.99,8.23,2.58,57,Dodge,33,male,98999.97,8147.697531000001,90852.272469
198,198,129,5,100565.86,92308.32,4,14,Realme X,smartphones,299.99,6.95,3.7,12,Realme,33,male,1499.95,104.246525,1395.703475
199,199,98,2,28239.94,26800.96,2,6,Rolex Submariner Watch,mens-watches,13999.99,5.05,2.69,55,Rolex,27,female,27999.98,1413.99899,26585.98101
199,199,43,4,28239.94,26800.96,2,6,Decoration Swing,home-decoration,59.99,10.41,3.16,47,Unknown,27,female,239.96,24.979836,214.980164
200,200,87,5,22694.77,21783.54,6,23,Men Check Shirt,mens-shirts,27.99,11.38,2.72,95,Urban Chic,44,male,139.95,15.92631,124.02369
200,200,187,3,22694.77,21783.54,6,23,Golden Shoes Woman,womens-shoes,49.99,13.93,3.26,88,Fashion Diva,44,male,149.97,20.890821000000003,129.079179
200,200,44,3,22694.77,21783.54,6,23,Family Tree Photo Frame,home-decoration,29.99,14.87,4.53,77,Unknown,44,male,89.97,13.378538999999998,76.591461
200,200,142,5,22694.77,21783.54,6,23,Cricket Ball,sports-accessories,12.99,8.63,3.53,30,Unknown,44,male,64.95,5.605185000000001,59.344815
200,200,187,5,22694.77,21783.54,6,23,Golden Shoes Woman,womens-shoes,49.99,13.93,3.26,88,Fashion Diva,44,male,249.95,34.818035,215.131965
200,200,97,2,22694.77,21783.54,6,23,Rolex Datejust,mens-watches,10999.99,3.73,3.66,86,Rolex,44,male,21999.98,820.599254,21179.380746
201,201,86,3,128096.37,109195.89,4,13,Man Short Sleeve Shirt,mens-shirts,19.99,6.83,2.9,2,Casual Comfort,30,female,59.97,4.095951,55.874049
201,201,72,1,128096.37,109195.89,4,13,Slotted Turner,kitchen-accessories,8.99,13.35,3.4,88,Unknown,30,female,8.99,1.200165,7.789835
201,201,28,5,128096.37,109195.89,4,13,Ice Cream,groceries,5.49,8.69,3.39,27,Unknown,30,female,27.450000000000003,2.385405,25.064595000000004
201,201,171,4,128096.37,109195.89,4,13,Pacifica Touring,vehicle,31999.99,14.76,3.62,53,Chrysler,30,female,127999.96,18892.794096,109107.165904
202,202,112,1,23114.79,20545.55,6,21,TV Studio Camera Pedestal,mobile-accessories,499.99,8.31,2.78,15,ProVision,37,male,499.99,41.549169,458.440831
202,202,19,5,23114.79,20545.55,6,21,Chicken Meat,groceries,9.99,13.7,3.19,97,Unknown,37,male,49.95,6.8431500000000005,43.10685
202,202,65,1,23114.79,20545.55,6,21,Lunch Box,kitchen-accessories,12.99,10.34,4.93,94,Unknown,37,male,12.99,1.343166,11.646834
202,202,113,5,23114.79,20545.55,6,21,Generic Motorcycle,motorcycle,3999.99,12.1,4.91,34,Generic Motors,37,male,19999.95,2419.99395,17579.956049999997
202,202,159,5,23114.79,20545.55,6,21,iPad Mini 2021 Starlight,tablets,499.99,3.64,3.18,47,Apple,37,male,2499.95,90.99818,2408.95182
202,202,119,4,23114.79,20545.55,6,21,Olay Ultra Moisture Shea Butter Body Wash,skin-care,12.99,16.39,4.51,34,Olay,37,male,51.96,8.516244,43.443756
203,203,158,1,50.95,46.54,2,5,Sunglasses,sunglasses,22.99,1.51,3.02,27,Fashion Shades,32,female,22.99,0.347149,22.642851
203,203,70,4,50.95,46.54,2,5,Red Tongs,kitchen-accessories,6.99,14.52,4.42,82,Unknown,32,female,27.96,4.059792,23.900208
204,204,141,4,25591.84,23182.99,6,16,Basketball Rim,sports-accessories,39.99,7.74,4.6,43,Unknown,46,male,159.96,12.380904,147.579096
204,204,190,4,25591.84,23182.99,6,16,IWC Ingenieur Automatic Steel,womens-watches,4999.99,9.45,2.93,90,IWC,46,male,19999.96,1889.99622,18109.96378
204,204,38,2,25591.84,23182.99,6,16,Rice,groceries,5.99,9.29,3.18,59,Unknown,46,male,11.98,1.112942,10.867058
204,204,176,3,25591.84,23182.99,6,16,Women Handbag Black,womens-bags,59.99,11.63,2.89,11,Elegance Collection,46,male,179.97,20.930511000000003,159.039489
204,204,190,1,25591.84,23182.99,6,16,IWC Ingenieur Automatic Steel,womens-watches,4999.99,9.45,2.93,90,IWC,46,male,4999.99,472.499055,4527.490945
204,204,91,2,25591.84,23182.99,6,16,Sports Sneakers Off White & Red,mens-shoes,119.99,4.97,4.77,17,Off White,46,male,239.98,11.927006,228.052994
205,205,62,2,16011.94,14075.86,2,6,Ice Cube Tray,kitchen-accessories,5.99,0.63,4.71,13,Unknown,29,female,11.98,0.075474,11.904526
205,205,113,4,16011.94,14075.86,2,6,Generic Motorcycle,motorcycle,3999.99,12.1,4.91,34,Generic Motors,29,female,15999.96,1935.99516,14063.96484
206,206,141,4,229.92,213.26,3,8,Basketball Rim,sports-accessories,39.99,7.74,4.6,43,Unknown,35,female,159.96,12.380904,147.579096
206,206,3,2,229.92,213.26,3,8,Powder Canister,beauty,14.99,9.84,4.64,89,Velvet Touch,35,female,29.98,2.950032,27.029968
206,206,185,2,229.92,213.26,3,8,Black & Brown Slipper,womens-shoes,19.99,3.33,2.53,3,Comfort Trends,35,female,39.98,1.331334,38.648666
207,207,137,2,22719.79,20090.11,6,21,American Football,sports-accessories,19.99,4.93,4.91,53,Unknown,42,male,39.98,1.971014,38.008986
207,207,146,5,22719.79,20090.11,6,21,Feather Shuttlecock,sports-accessories,5.99,2.95,2.85,95,Unknown,42,male,29.950000000000003,0.8835250000000002,29.066475000000004
207,207,42,4,22719.79,20090.11,6,21,Water,groceries,0.99,14.92,4.96,53,Unknown,42,male,3.96,0.590832,3.369168
207,207,164,4,22719.79,20090.11,6,21,Gray Dress,tops,34.99,14.28,2.72,55,Unknown,42,male,139.96,19.986288,119.973712
207,207,117,3,22719.79,20090.11,6,21,Sportbike Motorcycle,motorcycle,7499.99,11.58,3.94,0,SpeedMaster,42,male,22499.97,2605.496526,19894.473474
207,207,16,3,22719.79,20090.11,6,21,Apple,groceries,1.99,12.62,4.19,8,Unknown,42,male,5.97,0.7534139999999999,5.216586
208,208,3,3,304.95,260.12,2,5,Powder Canister,beauty,14.99,9.84,4.64,89,Velvet Touch,28,female,44.97,4.425048,40.544952
208,208,100,2,304.95,260.12,2,5,Apple Airpods,mobile-accessories,129.99,15.54,4.15,67,Apple,28,female,259.98,40.400892,219.579108
